mc	mn	quarterbeats	quarterbeats_all_endings	duration_qb	mc_onset	mn_onset	event	timesig	staff	voice	duration	nominal_duration	scalar	chord_id	thoroughbass_duration	thoroughbass_level_1	thoroughbass_level_2	slur
1	1	0	0	1.0	0	0	Chord	4/4	1	1	1/4	1/4	1	0				
1	1	3/2	3/2	0.5	3/8	3/8	Chord	4/4	1	1	1/8	1/8	1	1				
1	1	2	2	1.0	1/2	1/2	Chord	4/4	1	1	1/4	1/4	1	2				
1	1	7/2	7/2	0.5	7/8	7/8	Chord	4/4	1	1	1/8	1/8	1	3				
1	1	0	0	1.0	0	0	Chord	4/4	2	1	1/4	1/4	1	4				
1	1	3/2	3/2	0.5	3/8	3/8	Chord	4/4	2	1	1/8	1/8	1	5				
1	1	2	2	1.0	1/2	1/2	Chord	4/4	2	1	1/4	1/4	1	6				
1	1	7/2	7/2	0.5	7/8	7/8	Chord	4/4	2	1	1/8	1/8	1	7				
1	1	0	0	0.5	0	0	Chord	4/4	3	1	1/8	1/8	1	8				
1	1	1/2	1/2	0.5	1/8	1/8	Chord	4/4	3	1	1/8	1/8	1	9				
1	1	1	1	0.5	1/4	1/4	Chord	4/4	3	1	1/8	1/8	1	10				
1	1	3/2	3/2	0.5	3/8	3/8	Chord	4/4	3	1	1/8	1/8	1	11				
1	1	2	2	0.5	1/2	1/2	Chord	4/4	3	1	1/8	1/8	1	12				
1	1	5/2	5/2	0.5	5/8	5/8	Chord	4/4	3	1	1/8	1/8	1	13				
1	1	3	3	0.5	3/4	3/4	Chord	4/4	3	1	1/8	1/8	1	14				
1	1	7/2	7/2	0.5	7/8	7/8	Chord	4/4	3	1	1/8	1/8	1	15				
1	1	0	0	0.5	0	0	Chord	4/4	4	1	1/8	1/8	1	16				
1	1	1/2	1/2	0.5	1/8	1/8	Chord	4/4	4	1	1/8	1/8	1	17				
1	1	1	1	0.0	1/4	1/4	FiguredBass	4/4	4	1	0				1/8	6		
1	1	1	1	0.5	1/4	1/4	Chord	4/4	4	1	1/8	1/8	1	18				
1	1	3/2	3/2	0.5	3/8	3/8	Chord	4/4	4	1	1/8	1/8	1	19				
1	1	2	2	0.0	1/2	1/2	FiguredBass	4/4	4	1	0				1/8	#		
1	1	2	2	0.5	1/2	1/2	Chord	4/4	4	1	1/8	1/8	1	20				
1	1	5/2	5/2	0.5	5/8	5/8	Chord	4/4	4	1	1/8	1/8	1	21				
1	1	3	3	0.0	3/4	3/4	FiguredBass	4/4	4	1	0				1/8	6		
1	1	3	3	0.5	3/4	3/4	Chord	4/4	4	1	1/8	1/8	1	22				
1	1	7/2	7/2	0.5	7/8	7/8	Chord	4/4	4	1	1/8	1/8	1	23				
2	2	4	4	1.0	0	0	Chord	4/4	1	1	1/4	1/4	1	24				
2	2	11/2	11/2	0.5	3/8	3/8	Chord	4/4	1	1	1/8	1/8	1	25				
2	2	6	6	1.0	1/2	1/2	Chord	4/4	1	1	1/4	1/4	1	26				
2	2	15/2	15/2	0.5	7/8	7/8	Chord	4/4	1	1	1/8	1/8	1	27				
2	2	4	4	1.0	0	0	Chord	4/4	2	1	1/4	1/4	1	28				
2	2	11/2	11/2	0.5	3/8	3/8	Chord	4/4	2	1	1/8	1/8	1	29				
2	2	6	6	1.0	1/2	1/2	Chord	4/4	2	1	1/4	1/4	1	30				
2	2	15/2	15/2	0.5	7/8	7/8	Chord	4/4	2	1	1/8	1/8	1	31				
2	2	4	4	0.5	0	0	Chord	4/4	3	1	1/8	1/8	1	32				
2	2	9/2	9/2	0.5	1/8	1/8	Chord	4/4	3	1	1/8	1/8	1	33				
2	2	5	5	0.5	1/4	1/4	Chord	4/4	3	1	1/8	1/8	1	34				
2	2	11/2	11/2	0.5	3/8	3/8	Chord	4/4	3	1	1/8	1/8	1	35				
2	2	6	6	0.5	1/2	1/2	Chord	4/4	3	1	1/8	1/8	1	36				
2	2	13/2	13/2	0.5	5/8	5/8	Chord	4/4	3	1	1/8	1/8	1	37				
2	2	7	7	0.5	3/4	3/4	Chord	4/4	3	1	1/8	1/8	1	38				
2	2	15/2	15/2	0.5	7/8	7/8	Chord	4/4	3	1	1/8	1/8	1	39				
2	2	4	4	0.5	0	0	Chord	4/4	4	1	1/8	1/8	1	40				
2	2	9/2	9/2	0.5	1/8	1/8	Chord	4/4	4	1	1/8	1/8	1	41				
2	2	5	5	0.0	1/4	1/4	FiguredBass	4/4	4	1	0				1/8	6		
2	2	5	5	0.5	1/4	1/4	Chord	4/4	4	1	1/8	1/8	1	42				
2	2	11/2	11/2	0.5	3/8	3/8	Chord	4/4	4	1	1/8	1/8	1	43				
2	2	6	6	0.5	1/2	1/2	Chord	4/4	4	1	1/8	1/8	1	44				
2	2	13/2	13/2	0.5	5/8	5/8	Chord	4/4	4	1	1/8	1/8	1	45				
2	2	7	7	0.5	3/4	3/4	Chord	4/4	4	1	1/8	1/8	1	46				
2	2	15/2	15/2	0.5	7/8	7/8	Chord	4/4	4	1	1/8	1/8	1	47				
3	3	8	8	1.0	0	0	Chord	4/4	1	1	1/4	1/4	1	48				
3	3	19/2	19/2	0.5	3/8	3/8	Chord	4/4	1	1	1/8	1/8	1	49				
3	3	10	10	1.0	1/2	1/2	Chord	4/4	1	1	1/4	1/4	1	50				
3	3	23/2	23/2	0.5	7/8	7/8	Chord	4/4	1	1	1/8	1/8	1	51				
3	3	8	8	1.0	0	0	Chord	4/4	2	1	1/4	1/4	1	52				
3	3	19/2	19/2	0.5	3/8	3/8	Chord	4/4	2	1	1/8	1/8	1	53				
3	3	10	10	1.0	1/2	1/2	Chord	4/4	2	1	1/4	1/4	1	54				
3	3	23/2	23/2	0.5	7/8	7/8	Chord	4/4	2	1	1/8	1/8	1	55				
3	3	8	8	0.5	0	0	Chord	4/4	3	1	1/8	1/8	1	56				
3	3	17/2	17/2	0.5	1/8	1/8	Chord	4/4	3	1	1/8	1/8	1	57				
3	3	9	9	0.5	1/4	1/4	Chord	4/4	3	1	1/8	1/8	1	58				
3	3	19/2	19/2	0.5	3/8	3/8	Chord	4/4	3	1	1/8	1/8	1	59				
3	3	10	10	0.5	1/2	1/2	Chord	4/4	3	1	1/8	1/8	1	60				
3	3	21/2	21/2	0.5	5/8	5/8	Chord	4/4	3	1	1/8	1/8	1	61				
3	3	11	11	0.5	3/4	3/4	Chord	4/4	3	1	1/8	1/8	1	62				
3	3	23/2	23/2	0.5	7/8	7/8	Chord	4/4	3	1	1/8	1/8	1	63				
3	3	8	8	0.5	0	0	Chord	4/4	4	1	1/8	1/8	1	64				
3	3	17/2	17/2	0.5	1/8	1/8	Chord	4/4	4	1	1/8	1/8	1	65				
3	3	9	9	0.0	1/4	1/4	FiguredBass	4/4	4	1	0				1/8	6		
3	3	9	9	0.5	1/4	1/4	Chord	4/4	4	1	1/8	1/8	1	66				
3	3	19/2	19/2	0.5	3/8	3/8	Chord	4/4	4	1	1/8	1/8	1	67				
3	3	10	10	0.0	1/2	1/2	FiguredBass	4/4	4	1	0				1/8	6		
3	3	10	10	0.5	1/2	1/2	Chord	4/4	4	1	1/8	1/8	1	68				
3	3	21/2	21/2	0.5	5/8	5/8	Chord	4/4	4	1	1/8	1/8	1	69				
3	3	11	11	0.5	3/4	3/4	Chord	4/4	4	1	1/8	1/8	1	70				
3	3	23/2	23/2	0.5	7/8	7/8	Chord	4/4	4	1	1/8	1/8	1	71				
4	4	12	12	1.5	0	0	Chord	4/4	1	1	3/8	1/4	3/2	72				
4	4	27/2	27/2	0.5	3/8	3/8	Chord	4/4	1	1	1/8	1/8	1	73				
4	4	14	14	0.5	1/2	1/2	Chord	4/4	1	1	1/8	1/8	1	74				
4	4	29/2	29/2	0.5	5/8	5/8	Chord	4/4	1	1	1/8	1/8	1	75				
4	4	15	15	0.75	3/4	3/4	Chord	4/4	1	1	3/16	1/8	3/2	76				
4	4	63/4	63/4	0.25	15/16	15/16	Chord	4/4	1	1	1/16	1/16	1	77				
4	4	12	12	1.0	0	0	Chord	4/4	2	1	1/4	1/4	1	78				
4	4	27/2	27/2	0.5	3/8	3/8	Chord	4/4	2	1	1/8	1/8	1	79				
4	4	14	14	0.25	1/2	1/2	Chord	4/4	2	1	1/16	1/16	1	80				0
4	4	57/4	57/4	0.25	9/16	9/16	Chord	4/4	2	1	1/16	1/16	1	81				0
4	4	29/2	29/2	0.5	5/8	5/8	Chord	4/4	2	1	1/8	1/8	1	82				
4	4	15	15	0.75	3/4	3/4	Chord	4/4	2	1	3/16	1/8	3/2	83				
4	4	63/4	63/4	0.25	15/16	15/16	Chord	4/4	2	1	1/16	1/16	1	84				
4	4	12	12	0.5	0	0	Chord	4/4	3	1	1/8	1/8	1	85				
4	4	25/2	25/2	0.5	1/8	1/8	Chord	4/4	3	1	1/8	1/8	1	86				
4	4	13	13	0.5	1/4	1/4	Chord	4/4	3	1	1/8	1/8	1	87				
4	4	27/2	27/2	0.5	3/8	3/8	Chord	4/4	3	1	1/8	1/8	1	88				
4	4	14	14	0.5	1/2	1/2	Chord	4/4	3	1	1/8	1/8	1	89				
4	4	29/2	29/2	0.5	5/8	5/8	Chord	4/4	3	1	1/8	1/8	1	90				
4	4	15	15	0.5	3/4	3/4	Chord	4/4	3	1	1/8	1/8	1	91				
4	4	31/2	31/2	0.5	7/8	7/8	Chord	4/4	3	1	1/8	1/8	1	92				
4	4	12	12	0.5	0	0	Chord	4/4	4	1	1/8	1/8	1	93				
4	4	25/2	25/2	0.5	1/8	1/8	Chord	4/4	4	1	1/8	1/8	1	94				
4	4	13	13	0.0	1/4	1/4	FiguredBass	4/4	4	1	0				1/8	6		
4	4	13	13	0.5	1/4	1/4	Chord	4/4	4	1	1/8	1/8	1	95				
4	4	27/2	27/2	0.5	3/8	3/8	Chord	4/4	4	1	1/8	1/8	1	96				
4	4	14	14	0.0	1/2	1/2	FiguredBass	4/4	4	1	0				1/8	h		
4	4	14	14	0.5	1/2	1/2	Chord	4/4	4	1	1/8	1/8	1	97				
4	4	29/2	29/2	0.5	5/8	5/8	Chord	4/4	4	1	1/8	1/8	1	98				
4	4	15	15	0.0	3/4	3/4	FiguredBass	4/4	4	1	0				1/8	5	4	
4	4	15	15	0.5	3/4	3/4	Chord	4/4	4	1	1/8	1/8	1	99				
4	4	31/2	31/2	0.0	7/8	7/8	FiguredBass	4/4	4	1	0				1/8	#		
4	4	31/2	31/2	0.5	7/8	7/8	Chord	4/4	4	1	1/8	1/8	1	100				
5	5	16	16	1.5	0	0	Chord	4/4	1	1	3/8	1/4	3/2	101				
5	5	35/2	35/2	0.5	3/8	3/8	Chord	4/4	1	1	1/8	1/8	1	102				
5	5	18	18	0.5	1/2	1/2	Chord	4/4	1	1	1/8	1/8	1	103				1
5	5	37/2	37/2	0.5	5/8	5/8	Chord	4/4	1	1	1/8	1/8	1	104				
5	5	39/2	39/2	0.5	7/8	7/8	Chord	4/4	1	1	1/8	1/8	1	105				
5	5	16	16	1.0	0	0	Chord	4/4	2	1	1/4	1/4	1	106				
5	5	35/2	35/2	0.5	3/8	3/8	Chord	4/4	2	1	1/8	1/8	1	107				
5	5	18	18	1.0	1/2	1/2	Chord	4/4	2	1	1/4	1/4	1	108				
5	5	39/2	39/2	0.5	7/8	7/8	Chord	4/4	2	1	1/8	1/8	1	109				
5	5	16	16	0.5	0	0	Chord	4/4	3	1	1/8	1/8	1	110				
5	5	33/2	33/2	0.5	1/8	1/8	Chord	4/4	3	1	1/8	1/8	1	111				
5	5	17	17	0.5	1/4	1/4	Chord	4/4	3	1	1/8	1/8	1	112				
5	5	35/2	35/2	0.5	3/8	3/8	Chord	4/4	3	1	1/8	1/8	1	113				
5	5	18	18	0.5	1/2	1/2	Chord	4/4	3	1	1/8	1/8	1	114				
5	5	37/2	37/2	0.5	5/8	5/8	Chord	4/4	3	1	1/8	1/8	1	115				
5	5	19	19	0.5	3/4	3/4	Chord	4/4	3	1	1/8	1/8	1	116				
5	5	39/2	39/2	0.5	7/8	7/8	Chord	4/4	3	1	1/8	1/8	1	117				
5	5	16	16	0.5	0	0	Chord	4/4	4	1	1/8	1/8	1	118				
5	5	33/2	33/2	0.5	1/8	1/8	Chord	4/4	4	1	1/8	1/8	1	119				
5	5	17	17	0.0	1/4	1/4	FiguredBass	4/4	4	1	0				1/8	6		
5	5	17	17	0.5	1/4	1/4	Chord	4/4	4	1	1/8	1/8	1	120				
5	5	35/2	35/2	0.0	3/8	3/8	FiguredBass	4/4	4	1	0				1/8	6		
5	5	35/2	35/2	0.5	3/8	3/8	Chord	4/4	4	1	1/8	1/8	1	121				
5	5	18	18	0.0	1/2	1/2	FiguredBass	4/4	4	1	0				1/8	7		
5	5	18	18	0.5	1/2	1/2	Chord	4/4	4	1	1/8	1/8	1	122				
5	5	37/2	37/2	0.0	5/8	5/8	FiguredBass	4/4	4	1	0				1/8	6		
5	5	37/2	37/2	0.5	5/8	5/8	Chord	4/4	4	1	1/8	1/8	1	123				
5	5	19	19	0.0	3/4	3/4	FiguredBass	4/4	4	1	0				1/8	7		
5	5	19	19	0.5	3/4	3/4	Chord	4/4	4	1	1/8	1/8	1	124				
5	5	39/2	39/2	0.5	7/8	7/8	Chord	4/4	4	1	1/8	1/8	1	125				
6	6	20	20	0.5	0	0	Chord	4/4	1	1	1/8	1/8	1	126				2
6	6	41/2	41/2	0.5	1/8	1/8	Chord	4/4	1	1	1/8	1/8	1	127				
6	6	43/2	43/2	0.5	3/8	3/8	Chord	4/4	1	1	1/8	1/8	1	128				
6	6	22	22	0.5	1/2	1/2	Chord	4/4	1	1	1/8	1/8	1	129				3
6	6	45/2	45/2	0.5	5/8	5/8	Chord	4/4	1	1	1/8	1/8	1	130				
6	6	47/2	47/2	0.5	7/8	7/8	Chord	4/4	1	1	1/8	1/8	1	131				
6	6	20	20	1.0	0	0	Chord	4/4	2	1	1/4	1/4	1	132				
6	6	43/2	43/2	0.5	3/8	3/8	Chord	4/4	2	1	1/8	1/8	1	133				
6	6	22	22	1.0	1/2	1/2	Chord	4/4	2	1	1/4	1/4	1	134				
6	6	47/2	47/2	0.5	7/8	7/8	Chord	4/4	2	1	1/8	1/8	1	135				
6	6	20	20	0.5	0	0	Chord	4/4	3	1	1/8	1/8	1	136				
6	6	41/2	41/2	0.5	1/8	1/8	Chord	4/4	3	1	1/8	1/8	1	137				
6	6	21	21	0.5	1/4	1/4	Chord	4/4	3	1	1/8	1/8	1	138				
6	6	43/2	43/2	0.5	3/8	3/8	Chord	4/4	3	1	1/8	1/8	1	139				
6	6	22	22	0.5	1/2	1/2	Chord	4/4	3	1	1/8	1/8	1	140				
6	6	45/2	45/2	0.5	5/8	5/8	Chord	4/4	3	1	1/8	1/8	1	141				
6	6	23	23	0.5	3/4	3/4	Chord	4/4	3	1	1/8	1/8	1	142				
6	6	47/2	47/2	0.5	7/8	7/8	Chord	4/4	3	1	1/8	1/8	1	143				
6	6	20	20	0.0	0	0	FiguredBass	4/4	4	1	0				1/8	7		
6	6	20	20	0.5	0	0	Chord	4/4	4	1	1/8	1/8	1	144				
6	6	41/2	41/2	0.0	1/8	1/8	FiguredBass	4/4	4	1	0				1/8	6		
6	6	41/2	41/2	0.5	1/8	1/8	Chord	4/4	4	1	1/8	1/8	1	145				
6	6	21	21	0.0	1/4	1/4	FiguredBass	4/4	4	1	0				1/8	7		
6	6	21	21	0.5	1/4	1/4	Chord	4/4	4	1	1/8	1/8	1	146				
6	6	43/2	43/2	0.5	3/8	3/8	Chord	4/4	4	1	1/8	1/8	1	147				
6	6	22	22	0.0	1/2	1/2	FiguredBass	4/4	4	1	0				1/8	7		
6	6	22	22	0.5	1/2	1/2	Chord	4/4	4	1	1/8	1/8	1	148				
6	6	45/2	45/2	0.0	5/8	5/8	FiguredBass	4/4	4	1	0				1/8	6		
6	6	45/2	45/2	0.5	5/8	5/8	Chord	4/4	4	1	1/8	1/8	1	149				
6	6	23	23	0.0	3/4	3/4	FiguredBass	4/4	4	1	0				1/8	7		
6	6	23	23	0.5	3/4	3/4	Chord	4/4	4	1	1/8	1/8	1	150				
6	6	47/2	47/2	0.0	7/8	7/8	FiguredBass	4/4	4	1	0				1/8	3		
6	6	47/2	47/2	0.5	7/8	7/8	Chord	4/4	4	1	1/8	1/8	1	151				
7	7	24	24	1.5	0	0	Chord	4/4	1	1	3/8	1/4	3/2	152				
7	7	51/2	51/2	0.5	3/8	3/8	Chord	4/4	1	1	1/8	1/8	1	153				
7	7	26	26	1.5	1/2	1/2	Chord	4/4	1	1	3/8	1/4	3/2	154				
7	7	55/2	55/2	0.5	7/8	7/8	Chord	4/4	1	1	1/8	1/8	1	155				
7	7	24	24	1.0	0	0	Chord	4/4	2	1	1/4	1/4	1	156				
7	7	51/2	51/2	0.5	3/8	3/8	Chord	4/4	2	1	1/8	1/8	1	157				
7	7	26	26	1.5	1/2	1/2	Chord	4/4	2	1	3/8	1/4	3/2	158				
7	7	55/2	55/2	0.5	7/8	7/8	Chord	4/4	2	1	1/8	1/8	1	159				
7	7	24	24	0.5	0	0	Chord	4/4	3	1	1/8	1/8	1	160				
7	7	49/2	49/2	0.5	1/8	1/8	Chord	4/4	3	1	1/8	1/8	1	161				
7	7	25	25	0.5	1/4	1/4	Chord	4/4	3	1	1/8	1/8	1	162				
7	7	51/2	51/2	0.5	3/8	3/8	Chord	4/4	3	1	1/8	1/8	1	163				
7	7	26	26	0.5	1/2	1/2	Chord	4/4	3	1	1/8	1/8	1	164				
7	7	53/2	53/2	0.5	5/8	5/8	Chord	4/4	3	1	1/8	1/8	1	165				
7	7	27	27	0.5	3/4	3/4	Chord	4/4	3	1	1/8	1/8	1	166				
7	7	55/2	55/2	0.5	7/8	7/8	Chord	4/4	3	1	1/8	1/8	1	167				
7	7	24	24	0.0	0	0	FiguredBass	4/4	4	1	0				1/8	6	5	
7	7	24	24	0.5	0	0	Chord	4/4	4	1	1/8	1/8	1	168				
7	7	49/2	49/2	0.5	1/8	1/8	Chord	4/4	4	1	1/8	1/8	1	169				
7	7	25	25	0.0	1/4	1/4	FiguredBass	4/4	4	1	0				1/8	5	4	
7	7	25	25	0.5	1/4	1/4	Chord	4/4	4	1	1/8	1/8	1	170				
7	7	51/2	51/2	0.0	3/8	3/8	FiguredBass	4/4	4	1	0				1/8	3		
7	7	51/2	51/2	0.5	3/8	3/8	Chord	4/4	4	1	1/8	1/8	1	171				
7	7	26	26	0.5	1/2	1/2	Chord	4/4	4	1	1/8	1/8	1	172				
7	7	53/2	53/2	0.5	5/8	5/8	Chord	4/4	4	1	1/8	1/8	1	173				
7	7	27	27	0.0	3/4	3/4	FiguredBass	4/4	4	1	0				1/8	6		
7	7	27	27	0.5	3/4	3/4	Chord	4/4	4	1	1/8	1/8	1	174				
7	7	55/2	55/2	0.5	7/8	7/8	Chord	4/4	4	1	1/8	1/8	1	175				
8	8	28	28	1.5	0	0	Chord	4/4	1	1	3/8	1/4	3/2	176				
8	8	59/2	59/2	0.5	3/8	3/8	Chord	4/4	1	1	1/8	1/8	1	177				
8	8	30	30	1.5	1/2	1/2	Chord	4/4	1	1	3/8	1/4	3/2	178				
8	8	63/2	63/2	0.5	7/8	7/8	Chord	4/4	1	1	1/8	1/8	1	179				
8	8	28	28	1.5	0	0	Chord	4/4	2	1	3/8	1/4	3/2	180				
8	8	59/2	59/2	0.5	3/8	3/8	Chord	4/4	2	1	1/8	1/8	1	181				
8	8	30	30	1.0	1/2	1/2	Chord	4/4	2	1	1/4	1/4	1	182				
8	8	63/2	63/2	0.5	7/8	7/8	Chord	4/4	2	1	1/8	1/8	1	183				
8	8	28	28	0.5	0	0	Chord	4/4	3	1	1/8	1/8	1	184				
8	8	57/2	57/2	0.5	1/8	1/8	Chord	4/4	3	1	1/8	1/8	1	185				
8	8	29	29	0.5	1/4	1/4	Chord	4/4	3	1	1/8	1/8	1	186				
8	8	59/2	59/2	0.5	3/8	3/8	Chord	4/4	3	1	1/8	1/8	1	187				
8	8	30	30	0.5	1/2	1/2	Chord	4/4	3	1	1/8	1/8	1	188				
8	8	61/2	61/2	0.5	5/8	5/8	Chord	4/4	3	1	1/8	1/8	1	189				
8	8	31	31	0.5	3/4	3/4	Chord	4/4	3	1	1/8	1/8	1	190				
8	8	63/2	63/2	0.5	7/8	7/8	Chord	4/4	3	1	1/8	1/8	1	191				
8	8	28	28	0.0	0	0	FiguredBass	4/4	4	1	0				1/8	5		
8	8	28	28	0.5	0	0	Chord	4/4	4	1	1/8	1/8	1	192				
8	8	57/2	57/2	0.5	1/8	1/8	Chord	4/4	4	1	1/8	1/8	1	193				
8	8	29	29	0.0	1/4	1/4	FiguredBass	4/4	4	1	0				1/8	6\		
8	8	29	29	0.5	1/4	1/4	Chord	4/4	4	1	1/8	1/8	1	194				
8	8	59/2	59/2	0.0	3/8	3/8	FiguredBass	4/4	4	1	0				1/8	6		
8	8	59/2	59/2	0.5	3/8	3/8	Chord	4/4	4	1	1/8	1/8	1	195				
8	8	30	30	0.5	1/2	1/2	Chord	4/4	4	1	1/8	1/8	1	196				
8	8	61/2	61/2	0.5	5/8	5/8	Chord	4/4	4	1	1/8	1/8	1	197				
8	8	31	31	0.0	3/4	3/4	FiguredBass	4/4	4	1	0				1/8	6		
8	8	31	31	0.5	3/4	3/4	Chord	4/4	4	1	1/8	1/8	1	198				
8	8	63/2	63/2	0.0	7/8	7/8	FiguredBass	4/4	4	1	0				1/8	6		
8	8	63/2	63/2	0.5	7/8	7/8	Chord	4/4	4	1	1/8	1/8	1	199				
9	9	32	32	0.5	0	0	Chord	4/4	1	1	1/8	1/8	1	200				
9	9	65/2	65/2	0.5	1/8	1/8	Chord	4/4	1	1	1/8	1/8	1	201				
9	9	33	33	0.75	1/4	1/4	Chord	4/4	1	1	3/16	1/8	3/2	202				
9	9	135/4	135/4	0.25	7/16	7/16	Chord	4/4	1	1	1/16	1/16	1	203				
9	9	34	34	0.5	1/2	1/2	Chord	4/4	1	1	1/8	1/8	1	204				
9	9	69/2	69/2	0.5	5/8	5/8	Chord	4/4	1	1	1/8	1/8	1	205				
9	9	35	35	1.0	3/4	3/4	Chord	4/4	1	1	1/4	1/4	1	206				
9	9	32	32	1.5	0	0	Chord	4/4	2	1	3/8	1/4	3/2	207				
9	9	67/2	67/2	0.5	3/8	3/8	Chord	4/4	2	1	1/8	1/8	1	208				
9	9	34	34	1.5	1/2	1/2	Chord	4/4	2	1	3/8	1/4	3/2	209				
9	9	71/2	71/2	0.5	7/8	7/8	Chord	4/4	2	1	1/8	1/8	1	210				
9	9	32	32	0.5	0	0	Chord	4/4	3	1	1/8	1/8	1	211				
9	9	65/2	65/2	0.5	1/8	1/8	Chord	4/4	3	1	1/8	1/8	1	212				
9	9	33	33	0.5	1/4	1/4	Chord	4/4	3	1	1/8	1/8	1	213				
9	9	67/2	67/2	0.5	3/8	3/8	Chord	4/4	3	1	1/8	1/8	1	214				
9	9	34	34	1.0	1/2	1/2	Chord	4/4	3	1	1/4	1/4	1	215				
9	9	71/2	71/2	0.5	7/8	7/8	Chord	4/4	3	1	1/8	1/8	1	216				
9	9	32	32	0.5	0	0	Chord	4/4	4	1	1/8	1/8	1	217				
9	9	65/2	65/2	0.5	1/8	1/8	Chord	4/4	4	1	1/8	1/8	1	218				
9	9	33	33	0.0	1/4	1/4	FiguredBass	4/4	4	1	0				1/8	5	4	
9	9	33	33	0.5	1/4	1/4	Chord	4/4	4	1	1/8	1/8	1	219				
9	9	67/2	67/2	0.0	3/8	3/8	FiguredBass	4/4	4	1	0				1/8	#		
9	9	67/2	67/2	0.5	3/8	3/8	Chord	4/4	4	1	1/8	1/8	1	220				
9	9	34	34	1.0	1/2	1/2	Chord	4/4	4	1	1/4	1/4	1	221				
9	9	71/2	71/2	0.0	7/8	7/8	FiguredBass	4/4	4	1	0				1/8	6	#	
9	9	71/2	71/2	0.5	7/8	7/8	Chord	4/4	4	1	1/8	1/8	1	222				
10	10	36	36	0.5	0	0	Chord	4/4	1	1	1/8	1/8	1	223				
10	10	73/2	73/2	0.5	1/8	1/8	Chord	4/4	1	1	1/8	1/8	1	224				
10	10	37	37	1.0	1/4	1/4	Chord	4/4	1	1	1/4	1/4	1	225				
10	10	38	38	0.5	1/2	1/2	Chord	4/4	1	1	1/8	1/8	1	226				
10	10	77/2	77/2	0.5	5/8	5/8	Chord	4/4	1	1	1/8	1/8	1	227				
10	10	39	39	1.0	3/4	3/4	Chord	4/4	1	1	1/4	1/4	1	228				
10	10	36	36	1.5	0	0	Chord	4/4	2	1	3/8	1/4	3/2	229				
10	10	75/2	75/2	0.5	3/8	3/8	Chord	4/4	2	1	1/8	1/8	1	230				
10	10	38	38	1.5	1/2	1/2	Chord	4/4	2	1	3/8	1/4	3/2	231				
10	10	79/2	79/2	0.5	7/8	7/8	Chord	4/4	2	1	1/8	1/8	1	232				
10	10	36	36	1.5	0	0	Chord	4/4	3	1	3/8	1/4	3/2	233				
10	10	75/2	75/2	0.5	3/8	3/8	Chord	4/4	3	1	1/8	1/8	1	234				
10	10	38	38	1.5	1/2	1/2	Chord	4/4	3	1	3/8	1/4	3/2	235				
10	10	79/2	79/2	0.5	7/8	7/8	Chord	4/4	3	1	1/8	1/8	1	236				
10	10	36	36	0.0	0	0	FiguredBass	4/4	4	1	0				1/4	5		
10	10	36	36	1.5	0	0	Chord	4/4	4	1	3/8	1/4	3/2	237				
10	10	37	37	0.0	1/4	1/4	FiguredBass	4/4	4	1	0				1/8	6		
10	10	75/2	75/2	0.5	3/8	3/8	Chord	4/4	4	1	1/8	1/8	1	238				
10	10	38	38	0.0	1/2	1/2	FiguredBass	4/4	4	1	0				1/4	5		
10	10	38	38	1.5	1/2	1/2	Chord	4/4	4	1	3/8	1/4	3/2	239				
10	10	39	39	0.0	3/4	3/4	FiguredBass	4/4	4	1	0				1/8	6		
10	10	79/2	79/2	0.5	7/8	7/8	Chord	4/4	4	1	1/8	1/8	1	240				
11	11	40	40	0.5	0	0	Chord	4/4	1	1	1/8	1/8	1	241				
11	11	81/2	81/2	0.5	1/8	1/8	Chord	4/4	1	1	1/8	1/8	1	242				
11	11	41	41	0.5	1/4	1/4	Chord	4/4	1	1	1/8	1/8	1	243				
11	11	83/2	83/2	0.5	3/8	3/8	Chord	4/4	1	1	1/8	1/8	1	244				
11	11	42	42	1.5	1/2	1/2	Chord	4/4	1	1	3/8	1/4	3/2	245				
11	11	87/2	87/2	0.5	7/8	7/8	Chord	4/4	1	1	1/8	1/8	1	246				
11	11	40	40	1.5	0	0	Chord	4/4	2	1	3/8	1/4	3/2	247				
11	11	83/2	83/2	0.5	3/8	3/8	Chord	4/4	2	1	1/8	1/8	1	248				
11	11	42	42	1.5	1/2	1/2	Chord	4/4	2	1	3/8	1/4	3/2	249				
11	11	87/2	87/2	0.5	7/8	7/8	Chord	4/4	2	1	1/8	1/8	1	250				
11	11	40	40	1.5	0	0	Chord	4/4	3	1	3/8	1/4	3/2	251				
11	11	83/2	83/2	0.5	3/8	3/8	Chord	4/4	3	1	1/8	1/8	1	252				
11	11	42	42	0.5	1/2	1/2	Chord	4/4	3	1	1/8	1/8	1	253				
11	11	85/2	85/2	0.5	5/8	5/8	Chord	4/4	3	1	1/8	1/8	1	254				
11	11	43	43	0.5	3/4	3/4	Chord	4/4	3	1	1/8	1/8	1	255				
11	11	87/2	87/2	0.5	7/8	7/8	Chord	4/4	3	1	1/8	1/8	1	256				
11	11	40	40	0.0	0	0	FiguredBass	4/4	4	1	0				1/4	5		
11	11	40	40	1.5	0	0	Chord	4/4	4	1	3/8	1/4	3/2	257				
11	11	41	41	0.0	1/4	1/4	FiguredBass	4/4	4	1	0				1/8	6		
11	11	83/2	83/2	0.0	3/8	3/8	FiguredBass	4/4	4	1	0				1/8	6		
11	11	83/2	83/2	0.5	3/8	3/8	Chord	4/4	4	1	1/8	1/8	1	258				
11	11	42	42	0.0	1/2	1/2	FiguredBass	4/4	4	1	0				1/8	5		
11	11	42	42	0.5	1/2	1/2	Chord	4/4	4	1	1/8	1/8	1	259				
11	11	85/2	85/2	0.5	5/8	5/8	Chord	4/4	4	1	1/8	1/8	1	260				
11	11	43	43	0.5	3/4	3/4	Chord	4/4	4	1	1/8	1/8	1	261				
11	11	87/2	87/2	0.5	7/8	7/8	Chord	4/4	4	1	1/8	1/8	1	262				
12	12	44	44	0.5	0	0	Chord	4/4	1	1	1/8	1/8	1	263				4
12	12	89/2	89/2	0.5	1/8	1/8	Chord	4/4	1	1	1/8	1/8	1	264				
12	12	91/2	91/2	0.5	3/8	3/8	Chord	4/4	1	1	1/8	1/8	1	265				
12	12	46	46	0.5	1/2	1/2	Chord	4/4	1	1	1/8	1/8	1	266				5
12	12	93/2	93/2	0.5	5/8	5/8	Chord	4/4	1	1	1/8	1/8	1	267				
12	12	95/2	95/2	0.5	7/8	7/8	Chord	4/4	1	1	1/8	1/8	1	268				
12	12	44	44	1.0	0	0	Chord	4/4	2	1	1/4	1/4	1	269				
12	12	91/2	91/2	0.5	3/8	3/8	Chord	4/4	2	1	1/8	1/8	1	270				
12	12	46	46	1.0	1/2	1/2	Chord	4/4	2	1	1/4	1/4	1	271				
12	12	95/2	95/2	0.5	7/8	7/8	Chord	4/4	2	1	1/8	1/8	1	272				
12	12	44	44	0.5	0	0	Chord	4/4	3	1	1/8	1/8	1	273				
12	12	89/2	89/2	0.5	1/8	1/8	Chord	4/4	3	1	1/8	1/8	1	274				
12	12	45	45	0.5	1/4	1/4	Chord	4/4	3	1	1/8	1/8	1	275				
12	12	91/2	91/2	0.5	3/8	3/8	Chord	4/4	3	1	1/8	1/8	1	276				
12	12	46	46	0.5	1/2	1/2	Chord	4/4	3	1	1/8	1/8	1	277				
12	12	93/2	93/2	0.5	5/8	5/8	Chord	4/4	3	1	1/8	1/8	1	278				
12	12	47	47	0.5	3/4	3/4	Chord	4/4	3	1	1/8	1/8	1	279				
12	12	95/2	95/2	0.5	7/8	7/8	Chord	4/4	3	1	1/8	1/8	1	280				
12	12	44	44	0.0	0	0	FiguredBass	4/4	4	1	0				1/8	9		
12	12	44	44	0.5	0	0	Chord	4/4	4	1	1/8	1/8	1	281				
12	12	89/2	89/2	0.0	1/8	1/8	FiguredBass	4/4	4	1	0				1/8	8		
12	12	89/2	89/2	0.5	1/8	1/8	Chord	4/4	4	1	1/8	1/8	1	282				
12	12	45	45	0.5	1/4	1/4	Chord	4/4	4	1	1/8	1/8	1	283				
12	12	91/2	91/2	0.5	3/8	3/8	Chord	4/4	4	1	1/8	1/8	1	284				
12	12	46	46	0.0	1/2	1/2	FiguredBass	4/4	4	1	0				1/8	7		
12	12	46	46	0.5	1/2	1/2	Chord	4/4	4	1	1/8	1/8	1	285				
12	12	93/2	93/2	0.0	5/8	5/8	FiguredBass	4/4	4	1	0				1/8	6		
12	12	93/2	93/2	0.5	5/8	5/8	Chord	4/4	4	1	1/8	1/8	1	286				
12	12	47	47	0.0	3/4	3/4	FiguredBass	4/4	4	1	0				1/8	7		
12	12	47	47	0.5	3/4	3/4	Chord	4/4	4	1	1/8	1/8	1	287				
12	12	95/2	95/2	0.5	7/8	7/8	Chord	4/4	4	1	1/8	1/8	1	288				
13	13	48	48	0.5	0	0	Chord	4/4	1	1	1/8	1/8	1	289				6
13	13	97/2	97/2	0.5	1/8	1/8	Chord	4/4	1	1	1/8	1/8	1	290				
13	13	49	49	0.75	1/4	1/4	Chord	4/4	1	1	3/16	1/8	3/2	291				
13	13	199/4	199/4	0.25	7/16	7/16	Chord	4/4	1	1	1/16	1/16	1	292				
13	13	50	50	1.0	1/2	1/2	Chord	4/4	1	1	1/4	1/4	1	293				
13	13	103/2	103/2	0.5	7/8	7/8	Chord	4/4	1	1	1/8	1/8	1	294				
13	13	48	48	0.25	0	0	Chord	4/4	2	1	1/16	1/16	1	295				7
13	13	193/4	193/4	0.25	1/16	1/16	Chord	4/4	2	1	1/16	1/16	1	296				7
13	13	97/2	97/2	0.5	1/8	1/8	Chord	4/4	2	1	1/8	1/8	1	297				
13	13	49	49	0.75	1/4	1/4	Chord	4/4	2	1	3/16	1/8	3/2	298				
13	13	199/4	199/4	0.25	7/16	7/16	Chord	4/4	2	1	1/16	1/16	1	299				
13	13	50	50	1.0	1/2	1/2	Chord	4/4	2	1	1/4	1/4	1	300				
13	13	103/2	103/2	0.5	7/8	7/8	Chord	4/4	2	1	1/8	1/8	1	301				
13	13	48	48	0.5	0	0	Chord	4/4	3	1	1/8	1/8	1	302				
13	13	97/2	97/2	0.5	1/8	1/8	Chord	4/4	3	1	1/8	1/8	1	303				
13	13	49	49	0.5	1/4	1/4	Chord	4/4	3	1	1/8	1/8	1	304				
13	13	99/2	99/2	0.5	3/8	3/8	Chord	4/4	3	1	1/8	1/8	1	305				
13	13	50	50	0.5	1/2	1/2	Chord	4/4	3	1	1/8	1/8	1	306				
13	13	101/2	101/2	0.5	5/8	5/8	Chord	4/4	3	1	1/8	1/8	1	307				
13	13	51	51	0.5	3/4	3/4	Chord	4/4	3	1	1/8	1/8	1	308				
13	13	103/2	103/2	0.5	7/8	7/8	Chord	4/4	3	1	1/8	1/8	1	309				
13	13	48	48	0.0	0	0	FiguredBass	4/4	4	1	0				1/8	6	5	
13	13	48	48	0.5	0	0	Chord	4/4	4	1	1/8	1/8	1	310				
13	13	97/2	97/2	0.5	1/8	1/8	Chord	4/4	4	1	1/8	1/8	1	311				
13	13	49	49	0.0	1/4	1/4	FiguredBass	4/4	4	1	0				1/8	5	4	
13	13	49	49	0.5	1/4	1/4	Chord	4/4	4	1	1/8	1/8	1	312				
13	13	99/2	99/2	0.0	3/8	3/8	FiguredBass	4/4	4	1	0				1/8	3		
13	13	99/2	99/2	0.5	3/8	3/8	Chord	4/4	4	1	1/8	1/8	1	313				
13	13	50	50	0.5	1/2	1/2	Chord	4/4	4	1	1/8	1/8	1	314				
13	13	101/2	101/2	0.5	5/8	5/8	Chord	4/4	4	1	1/8	1/8	1	315				
13	13	51	51	0.0	3/4	3/4	FiguredBass	4/4	4	1	0				1/8	6		
13	13	51	51	0.5	3/4	3/4	Chord	4/4	4	1	1/8	1/8	1	316				
13	13	103/2	103/2	0.5	7/8	7/8	Chord	4/4	4	1	1/8	1/8	1	317				
14	14	52	52	0.5	0	0	Chord	4/4	1	1	1/8	1/8	1	318				8
14	14	105/2	105/2	0.5	1/8	1/8	Chord	4/4	1	1	1/8	1/8	1	319				
14	14	107/2	107/2	0.5	3/8	3/8	Chord	4/4	1	1	1/8	1/8	1	320				
14	14	54	54	0.5	1/2	1/2	Chord	4/4	1	1	1/8	1/8	1	321				9
14	14	109/2	109/2	0.5	5/8	5/8	Chord	4/4	1	1	1/8	1/8	1	322				
14	14	111/2	111/2	0.5	7/8	7/8	Chord	4/4	1	1	1/8	1/8	1	323				
14	14	52	52	0.5	0	0	Chord	4/4	2	1	1/8	1/8	1	324				10
14	14	105/2	105/2	0.5	1/8	1/8	Chord	4/4	2	1	1/8	1/8	1	325				
14	14	107/2	107/2	0.5	3/8	3/8	Chord	4/4	2	1	1/8	1/8	1	326				
14	14	54	54	0.5	1/2	1/2	Chord	4/4	2	1	1/8	1/8	1	327				11
14	14	109/2	109/2	0.5	5/8	5/8	Chord	4/4	2	1	1/8	1/8	1	328				
14	14	111/2	111/2	0.5	7/8	7/8	Chord	4/4	2	1	1/8	1/8	1	329				
14	14	52	52	0.5	0	0	Chord	4/4	3	1	1/8	1/8	1	330				
14	14	105/2	105/2	0.5	1/8	1/8	Chord	4/4	3	1	1/8	1/8	1	331				
14	14	53	53	0.5	1/4	1/4	Chord	4/4	3	1	1/8	1/8	1	332				
14	14	107/2	107/2	0.5	3/8	3/8	Chord	4/4	3	1	1/8	1/8	1	333				
14	14	54	54	0.5	1/2	1/2	Chord	4/4	3	1	1/8	1/8	1	334				
14	14	109/2	109/2	0.5	5/8	5/8	Chord	4/4	3	1	1/8	1/8	1	335				
14	14	55	55	0.5	3/4	3/4	Chord	4/4	3	1	1/8	1/8	1	336				
14	14	111/2	111/2	0.5	7/8	7/8	Chord	4/4	3	1	1/8	1/8	1	337				
14	14	52	52	0.0	0	0	FiguredBass	4/4	4	1	0				1/8	7		
14	14	52	52	0.5	0	0	Chord	4/4	4	1	1/8	1/8	1	338				
14	14	105/2	105/2	0.0	1/8	1/8	FiguredBass	4/4	4	1	0				1/8	6		
14	14	105/2	105/2	0.5	1/8	1/8	Chord	4/4	4	1	1/8	1/8	1	339				
14	14	53	53	0.0	1/4	1/4	FiguredBass	4/4	4	1	0				1/8	7		
14	14	53	53	0.5	1/4	1/4	Chord	4/4	4	1	1/8	1/8	1	340				
14	14	107/2	107/2	0.5	3/8	3/8	Chord	4/4	4	1	1/8	1/8	1	341				
14	14	54	54	0.0	1/2	1/2	FiguredBass	4/4	4	1	0				1/8	7		
14	14	54	54	0.5	1/2	1/2	Chord	4/4	4	1	1/8	1/8	1	342				
14	14	109/2	109/2	0.0	5/8	5/8	FiguredBass	4/4	4	1	0				1/8	6		
14	14	109/2	109/2	0.5	5/8	5/8	Chord	4/4	4	1	1/8	1/8	1	343				
14	14	55	55	0.0	3/4	3/4	FiguredBass	4/4	4	1	0				1/8	7		
14	14	55	55	0.5	3/4	3/4	Chord	4/4	4	1	1/8	1/8	1	344				
14	14	111/2	111/2	0.5	7/8	7/8	Chord	4/4	4	1	1/8	1/8	1	345				
15	15	56	56	0.5	0	0	Chord	4/4	1	1	1/8	1/8	1	346				12
15	15	113/2	113/2	0.5	1/8	1/8	Chord	4/4	1	1	1/8	1/8	1	347				
15	15	115/2	115/2	0.5	3/8	3/8	Chord	4/4	1	1	1/8	1/8	1	348				
15	15	58	58	0.5	1/2	1/2	Chord	4/4	1	1	1/8	1/8	1	349				13
15	15	117/2	117/2	0.5	5/8	5/8	Chord	4/4	1	1	1/8	1/8	1	350				
15	15	119/2	119/2	0.5	7/8	7/8	Chord	4/4	1	1	1/8	1/8	1	351				
15	15	56	56	1.0	0	0	Chord	4/4	2	1	1/4	1/4	1	352				
15	15	115/2	115/2	0.5	3/8	3/8	Chord	4/4	2	1	1/8	1/8	1	353				
15	15	58	58	1.0	1/2	1/2	Chord	4/4	2	1	1/4	1/4	1	354				
15	15	119/2	119/2	0.5	7/8	7/8	Chord	4/4	2	1	1/8	1/8	1	355				
15	15	56	56	0.5	0	0	Chord	4/4	3	1	1/8	1/8	1	356				
15	15	113/2	113/2	0.5	1/8	1/8	Chord	4/4	3	1	1/8	1/8	1	357				
15	15	57	57	0.5	1/4	1/4	Chord	4/4	3	1	1/8	1/8	1	358				
15	15	115/2	115/2	0.5	3/8	3/8	Chord	4/4	3	1	1/8	1/8	1	359				
15	15	58	58	0.5	1/2	1/2	Chord	4/4	3	1	1/8	1/8	1	360				
15	15	117/2	117/2	0.5	5/8	5/8	Chord	4/4	3	1	1/8	1/8	1	361				
15	15	59	59	0.5	3/4	3/4	Chord	4/4	3	1	1/8	1/8	1	362				
15	15	119/2	119/2	0.5	7/8	7/8	Chord	4/4	3	1	1/8	1/8	1	363				
15	15	56	56	0.0	0	0	FiguredBass	4/4	4	1	0				1/8	7		
15	15	56	56	0.5	0	0	Chord	4/4	4	1	1/8	1/8	1	364				
15	15	113/2	113/2	0.0	1/8	1/8	FiguredBass	4/4	4	1	0				1/8	6b		
15	15	113/2	113/2	0.5	1/8	1/8	Chord	4/4	4	1	1/8	1/8	1	365				
15	15	57	57	0.0	1/4	1/4	FiguredBass	4/4	4	1	0				1/8	5b		
15	15	57	57	0.5	1/4	1/4	Chord	4/4	4	1	1/8	1/8	1	366				
15	15	115/2	115/2	0.5	3/8	3/8	Chord	4/4	4	1	1/8	1/8	1	367				
15	15	58	58	0.0	1/2	1/2	FiguredBass	4/4	4	1	0				1/8	4b		
15	15	58	58	0.5	1/2	1/2	Chord	4/4	4	1	1/8	1/8	1	368				
15	15	117/2	117/2	0.0	5/8	5/8	FiguredBass	4/4	4	1	0				1/8	3		
15	15	117/2	117/2	0.5	5/8	5/8	Chord	4/4	4	1	1/8	1/8	1	369				
15	15	59	59	0.0	3/4	3/4	FiguredBass	4/4	4	1	0				1/8	6		
15	15	59	59	0.5	3/4	3/4	Chord	4/4	4	1	1/8	1/8	1	370				
15	15	119/2	119/2	0.5	7/8	7/8	Chord	4/4	4	1	1/8	1/8	1	371				
16	16	60	60	0.5	0	0	Chord	4/4	1	1	1/8	1/8	1	372				
16	16	121/2	121/2	0.5	1/8	1/8	Chord	4/4	1	1	1/8	1/8	1	373				
16	16	61	61	0.75	1/4	1/4	Chord	4/4	1	1	3/16	1/8	3/2	374				
16	16	247/4	247/4	0.25	7/16	7/16	Chord	4/4	1	1	1/16	1/16	1	375				
16	16	62	62	1.0	1/2	1/2	Chord	4/4	1	1	1/4	1/4	1	376				
16	16	127/2	127/2	0.5	7/8	7/8	Chord	4/4	1	1	1/8	1/8	1	377				
16	16	60	60	0.25	0	0	Chord	4/4	2	1	1/16	1/16	1	378				14
16	16	241/4	241/4	0.25	1/16	1/16	Chord	4/4	2	1	1/16	1/16	1	379				14
16	16	121/2	121/2	0.5	1/8	1/8	Chord	4/4	2	1	1/8	1/8	1	380				
16	16	61	61	0.75	1/4	1/4	Chord	4/4	2	1	3/16	1/8	3/2	381				
16	16	247/4	247/4	0.25	7/16	7/16	Chord	4/4	2	1	1/16	1/16	1	382				
16	16	62	62	1.5	1/2	1/2	Chord	4/4	2	1	3/8	1/4	3/2	383				
16	16	127/2	127/2	0.5	7/8	7/8	Chord	4/4	2	1	1/8	1/8	1	384				
16	16	60	60	0.5	0	0	Chord	4/4	3	1	1/8	1/8	1	385				
16	16	121/2	121/2	0.5	1/8	1/8	Chord	4/4	3	1	1/8	1/8	1	386				
16	16	61	61	0.5	1/4	1/4	Chord	4/4	3	1	1/8	1/8	1	387				
16	16	123/2	123/2	0.5	3/8	3/8	Chord	4/4	3	1	1/8	1/8	1	388				
16	16	62	62	0.5	1/2	1/2	Chord	4/4	3	1	1/8	1/8	1	389				
16	16	125/2	125/2	0.5	5/8	5/8	Chord	4/4	3	1	1/8	1/8	1	390				
16	16	63	63	0.5	3/4	3/4	Chord	4/4	3	1	1/8	1/8	1	391				
16	16	127/2	127/2	0.5	7/8	7/8	Chord	4/4	3	1	1/8	1/8	1	392				
16	16	60	60	0.0	0	0	FiguredBass	4/4	4	1	0				1/8	h		
16	16	60	60	0.5	0	0	Chord	4/4	4	1	1/8	1/8	1	393				
16	16	121/2	121/2	0.5	1/8	1/8	Chord	4/4	4	1	1/8	1/8	1	394				
16	16	61	61	0.0	1/4	1/4	FiguredBass	4/4	4	1	0				1/8	5	4	
16	16	61	61	0.5	1/4	1/4	Chord	4/4	4	1	1/8	1/8	1	395				
16	16	123/2	123/2	0.0	3/8	3/8	FiguredBass	4/4	4	1	0				1/8	#		
16	16	123/2	123/2	0.5	3/8	3/8	Chord	4/4	4	1	1/8	1/8	1	396				
16	16	62	62	0.5	1/2	1/2	Chord	4/4	4	1	1/8	1/8	1	397				
16	16	125/2	125/2	0.5	5/8	5/8	Chord	4/4	4	1	1/8	1/8	1	398				
16	16	63	63	0.0	3/4	3/4	FiguredBass	4/4	4	1	0				1/8	6		
16	16	63	63	0.5	3/4	3/4	Chord	4/4	4	1	1/8	1/8	1	399				
16	16	127/2	127/2	0.5	7/8	7/8	Chord	4/4	4	1	1/8	1/8	1	400				
17	17	64	64	0.5	0	0	Chord	4/4	1	1	1/8	1/8	1	401				15
17	17	129/2	129/2	0.5	1/8	1/8	Chord	4/4	1	1	1/8	1/8	1	402				
17	17	131/2	131/2	0.5	3/8	3/8	Chord	4/4	1	1	1/8	1/8	1	403				
17	17	66	66	0.5	1/2	1/2	Chord	4/4	1	1	1/8	1/8	1	404				16
17	17	133/2	133/2	0.5	5/8	5/8	Chord	4/4	1	1	1/8	1/8	1	405				
17	17	135/2	135/2	0.5	7/8	7/8	Chord	4/4	1	1	1/8	1/8	1	406				
17	17	64	64	1.0	0	0	Chord	4/4	2	1	1/4	1/4	1	407				
17	17	131/2	131/2	0.5	3/8	3/8	Chord	4/4	2	1	1/8	1/8	1	408				
17	17	66	66	1.0	1/2	1/2	Chord	4/4	2	1	1/4	1/4	1	409				
17	17	135/2	135/2	0.5	7/8	7/8	Chord	4/4	2	1	1/8	1/8	1	410				
17	17	64	64	0.5	0	0	Chord	4/4	3	1	1/8	1/8	1	411				
17	17	129/2	129/2	0.5	1/8	1/8	Chord	4/4	3	1	1/8	1/8	1	412				
17	17	65	65	0.5	1/4	1/4	Chord	4/4	3	1	1/8	1/8	1	413				
17	17	131/2	131/2	0.5	3/8	3/8	Chord	4/4	3	1	1/8	1/8	1	414				
17	17	66	66	0.5	1/2	1/2	Chord	4/4	3	1	1/8	1/8	1	415				
17	17	133/2	133/2	0.5	5/8	5/8	Chord	4/4	3	1	1/8	1/8	1	416				
17	17	67	67	0.5	3/4	3/4	Chord	4/4	3	1	1/8	1/8	1	417				
17	17	135/2	135/2	0.5	7/8	7/8	Chord	4/4	3	1	1/8	1/8	1	418				
17	17	64	64	0.0	0	0	FiguredBass	4/4	4	1	0				1/8	7		
17	17	64	64	0.5	0	0	Chord	4/4	4	1	1/8	1/8	1	419				
17	17	129/2	129/2	0.0	1/8	1/8	FiguredBass	4/4	4	1	0				1/8	6b		
17	17	129/2	129/2	0.5	1/8	1/8	Chord	4/4	4	1	1/8	1/8	1	420				
17	17	65	65	0.0	1/4	1/4	FiguredBass	4/4	4	1	0				1/8	5b		
17	17	65	65	0.5	1/4	1/4	Chord	4/4	4	1	1/8	1/8	1	421				
17	17	131/2	131/2	0.5	3/8	3/8	Chord	4/4	4	1	1/8	1/8	1	422				
17	17	66	66	0.0	1/2	1/2	FiguredBass	4/4	4	1	0				1/8	4b		
17	17	66	66	0.5	1/2	1/2	Chord	4/4	4	1	1/8	1/8	1	423				
17	17	133/2	133/2	0.0	5/8	5/8	FiguredBass	4/4	4	1	0				1/8	3		
17	17	133/2	133/2	0.5	5/8	5/8	Chord	4/4	4	1	1/8	1/8	1	424				
17	17	67	67	0.0	3/4	3/4	FiguredBass	4/4	4	1	0				1/8	6		
17	17	67	67	0.5	3/4	3/4	Chord	4/4	4	1	1/8	1/8	1	425				
17	17	135/2	135/2	0.5	7/8	7/8	Chord	4/4	4	1	1/8	1/8	1	426				
18	18	68	68	0.5	0	0	Chord	4/4	1	1	1/8	1/8	1	427				
18	18	137/2	137/2	0.5	1/8	1/8	Chord	4/4	1	1	1/8	1/8	1	428				
18	18	69	69	0.75	1/4	1/4	Chord	4/4	1	1	3/16	1/8	3/2	429				
18	18	279/4	279/4	0.25	7/16	7/16	Chord	4/4	1	1	1/16	1/16	1	430				
18	18	70	70	2.0	1/2	1/2	Chord	4/4	1	1	1/2	1/2	1	431				
18	18	68	68	0.25	0	0	Chord	4/4	2	1	1/16	1/16	1	432				17
18	18	273/4	273/4	0.25	1/16	1/16	Chord	4/4	2	1	1/16	1/16	1	433				17
18	18	137/2	137/2	0.5	1/8	1/8	Chord	4/4	2	1	1/8	1/8	1	434				
18	18	69	69	0.75	1/4	1/4	Chord	4/4	2	1	3/16	1/8	3/2	435				
18	18	279/4	279/4	0.25	7/16	7/16	Chord	4/4	2	1	1/16	1/16	1	436				
18	18	70	70	2.0	1/2	1/2	Chord	4/4	2	1	1/2	1/2	1	437				
18	18	68	68	0.5	0	0	Chord	4/4	3	1	1/8	1/8	1	438				
18	18	137/2	137/2	0.5	1/8	1/8	Chord	4/4	3	1	1/8	1/8	1	439				
18	18	69	69	0.5	1/4	1/4	Chord	4/4	3	1	1/8	1/8	1	440				
18	18	139/2	139/2	0.5	3/8	3/8	Chord	4/4	3	1	1/8	1/8	1	441				
18	18	70	70	2.0	1/2	1/2	Chord	4/4	3	1	1/2	1/2	1	442				
18	18	68	68	0.0	0	0	FiguredBass	4/4	4	1	0				1/8	h		
18	18	68	68	0.5	0	0	Chord	4/4	4	1	1/8	1/8	1	443				
18	18	137/2	137/2	0.5	1/8	1/8	Chord	4/4	4	1	1/8	1/8	1	444				
18	18	69	69	0.0	1/4	1/4	FiguredBass	4/4	4	1	0				1/8	5	4	
18	18	69	69	0.5	1/4	1/4	Chord	4/4	4	1	1/8	1/8	1	445				
18	18	139/2	139/2	0.0	3/8	3/8	FiguredBass	4/4	4	1	0				1/8	#		
18	18	139/2	139/2	0.5	3/8	3/8	Chord	4/4	4	1	1/8	1/8	1	446				
18	18	70	70	2.0	1/2	1/2	Chord	4/4	4	1	1/2	1/2	1	447				
