mc	mn	quarterbeats	quarterbeats_all_endings	duration_qb	mc_onset	mn_onset	event	timesig	staff	voice	duration	nominal_duration	scalar	chord_id	tempo	qpm	tempo_visible	thoroughbass_duration	thoroughbass_level_1	thoroughbass_level_2	thoroughbass_level_3	slur
1	0	0	0	0.0	0	7/8	Tempo	4/4	1	1	0				Allemandaadagio	54.0	1.0					
1	0	1/4	1/4	0.25	1/16	15/16	Chord	4/4	1	1	1/16	1/16	1	0								
1	0	1/4	1/4	0.25	1/16	15/16	Chord	4/4	2	1	1/16	1/16	1	1								
1	0	1/4	1/4	0.25	1/16	15/16	Chord	4/4	3	1	1/16	1/16	1	2								
2	1	1/2	1/2	0.75	0	0	Chord	4/4	1	1	3/16	1/8	3/2	3								
2	1	5/4	5/4	0.25	3/16	3/16	Chord	4/4	1	1	1/16	1/16	1	4								
2	1	3/2	3/2	0.75	1/4	1/4	Chord	4/4	1	1	3/16	1/8	3/2	5								
2	1	9/4	9/4	0.25	7/16	7/16	Chord	4/4	1	1	1/16	1/16	1	6								
2	1	5/2	5/2	0.5	1/2	1/2	Chord	4/4	1	1	1/8	1/8	1	7								
2	1	3	3	1.0	5/8	5/8	Chord	4/4	1	1	1/4	1/4	1	8								
2	1	4	4	0.25	7/8	7/8	Chord	4/4	1	1	1/16	1/16	1	9								
2	1	17/4	17/4	0.25	15/16	15/16	Chord	4/4	1	1	1/16	1/16	1	10								
2	1	1/2	1/2	0.75	0	0	Chord	4/4	2	1	3/16	1/8	3/2	11								
2	1	5/4	5/4	0.25	3/16	3/16	Chord	4/4	2	1	1/16	1/16	1	12								
2	1	3/2	3/2	1.0	1/4	1/4	Chord	4/4	2	1	1/4	1/4	1	13								
2	1	5/2	5/2	1.0	1/2	1/2	Chord	4/4	2	1	1/4	1/4	1	14								
2	1	4	4	0.25	7/8	7/8	Chord	4/4	2	1	1/16	1/16	1	15								
2	1	17/4	17/4	0.25	15/16	15/16	Chord	4/4	2	1	1/16	1/16	1	16								
2	1	1/2	1/2	1.0	0	0	Chord	4/4	3	1	1/4	1/4	1	17								
2	1	3/2	3/2	0.0	1/4	1/4	FiguredBass	4/4	3	1	0							1/4	6			
2	1	3/2	3/2	1.0	1/4	1/4	Chord	4/4	3	1	1/4	1/4	1	18								
2	1	5/2	5/2	0.0	1/2	1/2	FiguredBass	4/4	3	1	0							1/4	#			
2	1	5/2	5/2	1.0	1/2	1/2	Chord	4/4	3	1	1/4	1/4	1	19								
2	1	7/2	7/2	0.0	3/4	3/4	FiguredBass	4/4	3	1	0							1/4	6			
2	1	7/2	7/2	1.0	3/4	3/4	Chord	4/4	3	1	1/4	1/4	1	20								
3	2	9/2	9/2	0.5	0	0	Chord	4/4	1	1	1/8	1/8	1	21								0
3	2	5	5	0.25	1/8	1/8	Chord	4/4	1	1	1/16	1/16	1	22								0
3	2	21/4	21/4	0.25	3/16	3/16	Chord	4/4	1	1	1/16	1/16	1	23								
3	2	11/2	11/2	0.75	1/4	1/4	Chord	4/4	1	1	3/16	1/8	3/2	24								
3	2	25/4	25/4	0.25	7/16	7/16	Chord	4/4	1	1	1/16	1/16	1	25								
3	2	13/2	13/2	1.0	1/2	1/2	Chord	4/4	1	1	1/4	1/4	1	26								
3	2	8	8	0.25	7/8	7/8	Chord	4/4	1	1	1/16	1/16	1	27								
3	2	33/4	33/4	0.25	15/16	15/16	Chord	4/4	1	1	1/16	1/16	1	28								
3	2	9/2	9/2	0.5	0	0	Chord	4/4	2	1	1/8	1/8	1	29								
3	2	5	5	0.5	1/8	1/8	Chord	4/4	2	1	1/8	1/8	1	30								
3	2	11/2	11/2	0.75	1/4	1/4	Chord	4/4	2	1	3/16	1/8	3/2	31								
3	2	25/4	25/4	0.25	7/16	7/16	Chord	4/4	2	1	1/16	1/16	1	32								
3	2	13/2	13/2	1.0	1/2	1/2	Chord	4/4	2	1	1/4	1/4	1	33								
3	2	8	8	0.25	7/8	7/8	Chord	4/4	2	1	1/16	1/16	1	34								
3	2	33/4	33/4	0.25	15/16	15/16	Chord	4/4	2	1	1/16	1/16	1	35								
3	2	9/2	9/2	0.0	0	0	FiguredBass	4/4	3	1	0							1/8	6	4+	2	
3	2	9/2	9/2	0.5	0	0	Chord	4/4	3	1	1/8	1/8	1	36								
3	2	5	5	0.25	1/8	1/8	Chord	4/4	3	1	1/16	1/16	1	37								
3	2	21/4	21/4	0.25	3/16	3/16	Chord	4/4	3	1	1/16	1/16	1	38								
3	2	11/2	11/2	0.0	1/4	1/4	FiguredBass	4/4	3	1	0							1/4	#			
3	2	11/2	11/2	0.5	1/4	1/4	Chord	4/4	3	1	1/8	1/8	1	39								
3	2	6	6	0.5	3/8	3/8	Chord	4/4	3	1	1/8	1/8	1	40								
3	2	13/2	13/2	1.0	1/2	1/2	Chord	4/4	3	1	1/4	1/4	1	41								
3	2	15/2	15/2	1.0	3/4	3/4	Chord	4/4	3	1	1/4	1/4	1	42								
4	3	17/2	17/2	0.5	0	0	Chord	4/4	1	1	1/8	1/8	1	43								
4	3	9	9	1.0	1/8	1/8	Chord	4/4	1	1	1/4	1/4	1	44								
4	3	10	10	0.25	3/8	3/8	Chord	4/4	1	1	1/16	1/16	1	45								1
4	3	41/4	41/4	0.25	7/16	7/16	Chord	4/4	1	1	1/16	1/16	1	46								
4	3	21/2	21/2	0.5	1/2	1/2	Chord	4/4	1	1	1/8	1/8	1	47								
4	3	11	11	1.0	5/8	5/8	Chord	4/4	1	1	1/4	1/4	1	48								
4	3	12	12	0.25	7/8	7/8	Chord	4/4	1	1	1/16	1/16	1	49								
4	3	49/4	49/4	0.25	15/16	15/16	Chord	4/4	1	1	1/16	1/16	1	50								
4	3	17/2	17/2	0.5	0	0	Chord	4/4	2	1	1/8	1/8	1	51								
4	3	9	9	0.5	1/8	1/8	Chord	4/4	2	1	1/8	1/8	1	52								
4	3	19/2	19/2	0.75	1/4	1/4	Chord	4/4	2	1	3/16	1/8	3/2	53								
4	3	41/4	41/4	0.25	7/16	7/16	Chord	4/4	2	1	1/16	1/16	1	54								
4	3	21/2	21/2	0.5	1/2	1/2	Chord	4/4	2	1	1/8	1/8	1	55								
4	3	11	11	0.5	5/8	5/8	Chord	4/4	2	1	1/8	1/8	1	56								
4	3	23/2	23/2	0.75	3/4	3/4	Chord	4/4	2	1	3/16	1/8	3/2	57								
4	3	49/4	49/4	0.25	15/16	15/16	Chord	4/4	2	1	1/16	1/16	1	58								
4	3	17/2	17/2	0.0	0	0	FiguredBass	4/4	3	1	0							1/8	5			
4	3	17/2	17/2	0.5	0	0	Chord	4/4	3	1	1/8	1/8	1	59								
4	3	9	9	0.0	1/8	1/8	FiguredBass	4/4	3	1	0							1/8	6	4		
4	3	9	9	0.5	1/8	1/8	Chord	4/4	3	1	1/8	1/8	1	60								
4	3	19/2	19/2	0.0	1/4	1/4	FiguredBass	4/4	3	1	0							1/4	6	5		
4	3	19/2	19/2	1.0	1/4	1/4	Chord	4/4	3	1	1/4	1/4	1	61								
4	3	21/2	21/2	0.5	1/2	1/2	Chord	4/4	3	1	1/8	1/8	1	62								
4	3	11	11	0.25	5/8	5/8	Chord	4/4	3	1	1/16	1/16	1	63								
4	3	45/4	45/4	0.25	11/16	11/16	Chord	4/4	3	1	1/16	1/16	1	64								
4	3	23/2	23/2	0.0	3/4	3/4	FiguredBass	4/4	3	1	0							1/8	5			
4	3	23/2	23/2	1.0	3/4	3/4	Chord	4/4	3	1	1/4	1/4	1	65								
4	3	12	12	0.0	7/8	7/8	FiguredBass	4/4	3	1	0							1/8	6			
5	4	25/2	25/2	0.75	0	0	Chord	4/4	1	1	3/16	1/8	3/2	66								
5	4	53/4	53/4	0.25	3/16	3/16	Chord	4/4	1	1	1/16	1/16	1	67								
5	4	27/2	27/2	0.25	1/4	1/4	Chord	4/4	1	1	1/16	1/16	1	68								2
5	4	55/4	55/4	0.25	5/16	5/16	Chord	4/4	1	1	1/16	1/16	1	69								
5	4	14	14	0.25	3/8	3/8	Chord	4/4	1	1	1/16	1/16	1	70								3
5	4	57/4	57/4	0.25	7/16	7/16	Chord	4/4	1	1	1/16	1/16	1	71								
5	4	29/2	29/2	0.5	1/2	1/2	Chord	4/4	1	1	1/8	1/8	1	72								
5	4	15	15	1.0	5/8	5/8	Chord	4/4	1	1	1/4	1/4	1	73								
5	4	16	16	0.25	7/8	7/8	Chord	4/4	1	1	1/16	1/16	1	74								
5	4	65/4	65/4	0.25	15/16	15/16	Chord	4/4	1	1	1/16	1/16	1	75								
5	4	25/2	25/2	0.75	0	0	Chord	4/4	2	1	3/16	1/8	3/2	76								
5	4	53/4	53/4	0.25	3/16	3/16	Chord	4/4	2	1	1/16	1/16	1	77								
5	4	27/2	27/2	0.25	1/4	1/4	Chord	4/4	2	1	1/16	1/16	1	78								4
5	4	55/4	55/4	0.25	5/16	5/16	Chord	4/4	2	1	1/16	1/16	1	79								
5	4	14	14	0.25	3/8	3/8	Chord	4/4	2	1	1/16	1/16	1	80								5
5	4	57/4	57/4	0.25	7/16	7/16	Chord	4/4	2	1	1/16	1/16	1	81								
5	4	29/2	29/2	0.5	1/2	1/2	Chord	4/4	2	1	1/8	1/8	1	82								
5	4	15	15	1.0	5/8	5/8	Chord	4/4	2	1	1/4	1/4	1	83								
5	4	16	16	0.25	7/8	7/8	Chord	4/4	2	1	1/16	1/16	1	84								
5	4	65/4	65/4	0.25	15/16	15/16	Chord	4/4	2	1	1/16	1/16	1	85								
5	4	25/2	25/2	0.5	0	0	Chord	4/4	3	1	1/8	1/8	1	86								
5	4	13	13	0.25	1/8	1/8	Chord	4/4	3	1	1/16	1/16	1	87								
5	4	53/4	53/4	0.25	3/16	3/16	Chord	4/4	3	1	1/16	1/16	1	88								
5	4	27/2	27/2	0.0	1/4	1/4	FiguredBass	4/4	3	1	0							1/4	6	5	b	
5	4	27/2	27/2	1.0	1/4	1/4	Chord	4/4	3	1	1/4	1/4	1	89								
5	4	29/2	29/2	0.0	1/2	1/2	FiguredBass	4/4	3	1	0							7/16	#			
5	4	29/2	29/2	0.5	1/2	1/2	Chord	4/4	3	1	1/8	1/8	1	90								
5	4	15	15	1.0	5/8	5/8	Chord	4/4	3	1	1/4	1/4	1	91								
5	4	16	16	0.25	7/8	7/8	Chord	4/4	3	1	1/16	1/16	1	92								
5	4	65/4	65/4	0.25	15/16	15/16	Chord	4/4	3	1	1/16	1/16	1	93								
6	5	33/2	33/2	0.5	0	0	Chord	4/4	1	1	1/8	1/8	1	94								
6	5	17	17	0.5	1/8	1/8	Chord	4/4	1	1	1/8	1/8	1	95								
6	5	35/2	35/2	0.75	1/4	1/4	Chord	4/4	1	1	3/16	1/8	3/2	96								
6	5	73/4	73/4	0.25	7/16	7/16	Chord	4/4	1	1	1/16	1/16	1	97								
6	5	37/2	37/2	0.5	1/2	1/2	Chord	4/4	1	1	1/8	1/8	1	98								
6	5	19	19	1.0	5/8	5/8	Chord	4/4	1	1	1/4	1/4	1	99								
6	5	20	20	0.25	7/8	7/8	Chord	4/4	1	1	1/16	1/16	1	100								
6	5	81/4	81/4	0.25	15/16	15/16	Chord	4/4	1	1	1/16	1/16	1	101								
6	5	33/2	33/2	0.5	0	0	Chord	4/4	2	1	1/8	1/8	1	102								
6	5	17	17	0.5	1/8	1/8	Chord	4/4	2	1	1/8	1/8	1	103								
6	5	35/2	35/2	0.5	1/4	1/4	Chord	4/4	2	1	1/8	1/8	1	104								
6	5	18	18	0.5	3/8	3/8	Chord	4/4	2	1	1/8	1/8	1	105								
6	5	37/2	37/2	0.5	1/2	1/2	Chord	4/4	2	1	1/8	1/8	1	106								
6	5	19	19	1.0	5/8	5/8	Chord	4/4	2	1	1/4	1/4	1	107								
6	5	20	20	0.25	7/8	7/8	Chord	4/4	2	1	1/16	1/16	1	108								
6	5	81/4	81/4	0.25	15/16	15/16	Chord	4/4	2	1	1/16	1/16	1	109								
6	5	33/2	33/2	0.0	0	0	FiguredBass	4/4	3	1	0							1/8	6			
6	5	33/2	33/2	0.5	0	0	Chord	4/4	3	1	1/8	1/8	1	110								
6	5	17	17	0.0	1/8	1/8	FiguredBass	4/4	3	1	0							1/8	#			
6	5	17	17	0.5	1/8	1/8	Chord	4/4	3	1	1/8	1/8	1	111								
6	5	35/2	35/2	0.0	1/4	1/4	FiguredBass	4/4	3	1	0							1/8	6			
6	5	35/2	35/2	0.5	1/4	1/4	Chord	4/4	3	1	1/8	1/8	1	112								
6	5	18	18	0.0	3/8	3/8	FiguredBass	4/4	3	1	0							1/8	6	5		
6	5	18	18	0.5	3/8	3/8	Chord	4/4	3	1	1/8	1/8	1	113								
6	5	37/2	37/2	0.0	1/2	1/2	FiguredBass	4/4	3	1	0							1/8	5	4		
6	5	37/2	37/2	0.5	1/2	1/2	Chord	4/4	3	1	1/8	1/8	1	114								
6	5	19	19	0.0	5/8	5/8	FiguredBass	4/4	3	1	0							5/16	h			
6	5	19	19	1.0	5/8	5/8	Chord	4/4	3	1	1/4	1/4	1	115								
6	5	20	20	0.25	7/8	7/8	Chord	4/4	3	1	1/16	1/16	1	116								
6	5	81/4	81/4	0.25	15/16	15/16	Chord	4/4	3	1	1/16	1/16	1	117								
7	6	41/2	41/2	0.5	0	0	Chord	4/4	1	1	1/8	1/8	1	118								
7	6	21	21	0.5	1/8	1/8	Chord	4/4	1	1	1/8	1/8	1	119								
7	6	43/2	43/2	0.75	1/4	1/4	Chord	4/4	1	1	3/16	1/8	3/2	120								
7	6	89/4	89/4	0.25	7/16	7/16	Chord	4/4	1	1	1/16	1/16	1	121								
7	6	45/2	45/2	0.5	1/2	1/2	Chord	4/4	1	1	1/8	1/8	1	122								
7	6	23	23	1.0	5/8	5/8	Chord	4/4	1	1	1/4	1/4	1	123								
7	6	24	24	0.25	7/8	7/8	Chord	4/4	1	1	1/16	1/16	1	124								
7	6	97/4	97/4	0.25	15/16	15/16	Chord	4/4	1	1	1/16	1/16	1	125								
7	6	41/2	41/2	0.5	0	0	Chord	4/4	2	1	1/8	1/8	1	126								
7	6	21	21	0.5	1/8	1/8	Chord	4/4	2	1	1/8	1/8	1	127								
7	6	43/2	43/2	0.5	1/4	1/4	Chord	4/4	2	1	1/8	1/8	1	128								
7	6	22	22	0.5	3/8	3/8	Chord	4/4	2	1	1/8	1/8	1	129								
7	6	45/2	45/2	0.5	1/2	1/2	Chord	4/4	2	1	1/8	1/8	1	130								
7	6	23	23	1.0	5/8	5/8	Chord	4/4	2	1	1/4	1/4	1	131								
7	6	24	24	0.25	7/8	7/8	Chord	4/4	2	1	1/16	1/16	1	132								
7	6	97/4	97/4	0.25	15/16	15/16	Chord	4/4	2	1	1/16	1/16	1	133								
7	6	41/2	41/2	0.0	0	0	FiguredBass	4/4	3	1	0							1/8	6			
7	6	41/2	41/2	0.5	0	0	Chord	4/4	3	1	1/8	1/8	1	134								
7	6	21	21	0.5	1/8	1/8	Chord	4/4	3	1	1/8	1/8	1	135								
7	6	43/2	43/2	0.0	1/4	1/4	FiguredBass	4/4	3	1	0							1/8	6			
7	6	43/2	43/2	0.5	1/4	1/4	Chord	4/4	3	1	1/8	1/8	1	136								
7	6	22	22	0.0	3/8	3/8	FiguredBass	4/4	3	1	0							1/8	6	b5		
7	6	22	22	0.5	3/8	3/8	Chord	4/4	3	1	1/8	1/8	1	137								
7	6	45/2	45/2	0.0	1/2	1/2	FiguredBass	4/4	3	1	0							1/8	5	b4		
7	6	45/2	45/2	0.5	1/2	1/2	Chord	4/4	3	1	1/8	1/8	1	138								
7	6	23	23	0.0	5/8	5/8	FiguredBass	4/4	3	1	0							1/4	3			
7	6	23	23	1.0	5/8	5/8	Chord	4/4	3	1	1/4	1/4	1	139								
7	6	24	24	0.0	7/8	7/8	FiguredBass	4/4	3	1	0							1/8	5	#		
7	6	24	24	0.5	7/8	7/8	Chord	4/4	3	1	1/8	1/8	1	140								
8	7	49/2	49/2	0.5	0	0	Chord	4/4	1	1	1/8	1/8	1	141								
8	7	25	25	0.5	1/8	1/8	Chord	4/4	1	1	1/8	1/8	1	142								
8	7	51/2	51/2	0.5	1/4	1/4	Chord	4/4	1	1	1/8	1/8	1	143								
8	7	26	26	0.5	3/8	3/8	Chord	4/4	1	1	1/8	1/8	1	144								
8	7	53/2	53/2	0.5	1/2	1/2	Chord	4/4	1	1	1/8	1/8	1	145								
8	7	27	27	0.5	5/8	5/8	Chord	4/4	1	1	1/8	1/8	1	146								
8	7	28	28	0.5	7/8	7/8	Chord	4/4	1	1	1/8	1/8	1	147								
8	7	49/2	49/2	0.5	0	0	Chord	4/4	2	1	1/8	1/8	1	148								
8	7	25	25	0.5	1/8	1/8	Chord	4/4	2	1	1/8	1/8	1	149								
8	7	51/2	51/2	0.75	1/4	1/4	Chord	4/4	2	1	3/16	1/8	3/2	150								
8	7	105/4	105/4	0.25	7/16	7/16	Chord	4/4	2	1	1/16	1/16	1	151								
8	7	53/2	53/2	0.5	1/2	1/2	Chord	4/4	2	1	1/8	1/8	1	152								
8	7	27	27	0.5	5/8	5/8	Chord	4/4	2	1	1/8	1/8	1	153								
8	7	28	28	0.5	7/8	7/8	Chord	4/4	2	1	1/8	1/8	1	154								
8	7	49/2	49/2	0.0	0	0	FiguredBass	4/4	3	1	0							1/8	7			
8	7	49/2	49/2	1.0	0	0	Chord	4/4	3	1	1/4	1/4	1	155								
8	7	25	25	0.0	1/8	1/8	FiguredBass	4/4	3	1	0							1/8	6			
8	7	51/2	51/2	0.0	1/4	1/4	FiguredBass	4/4	3	1	0							1/4	5			
8	7	51/2	51/2	1.0	1/4	1/4	Chord	4/4	3	1	1/4	1/4	1	156								
8	7	53/2	53/2	0.0	1/2	1/2	FiguredBass	4/4	3	1	0							1/8	9	4		
8	7	53/2	53/2	1.0	1/2	1/2	Chord	4/4	3	1	1/4	1/4	1	157								
8	7	27	27	0.0	5/8	5/8	FiguredBass	4/4	3	1	0							3/8	8	3		
8	7	28	28	0.5	7/8	7/8	Chord	4/4	3	1	1/8	1/8	1	158								
9	8	57/2	57/2	0.5	0	0	Chord	4/4	1	1	1/8	1/8	1	159								
9	8	29	29	1.0	1/8	1/8	Chord	4/4	1	1	1/4	1/4	1	160								
9	8	30	30	0.5	3/8	3/8	Chord	4/4	1	1	1/8	1/8	1	161								
9	8	61/2	61/2	0.5	1/2	1/2	Chord	4/4	1	1	1/8	1/8	1	162								
9	8	31	31	1.0	5/8	5/8	Chord	4/4	1	1	1/4	1/4	1	163								
9	8	32	32	0.5	7/8	7/8	Chord	4/4	1	1	1/8	1/8	1	164								
9	8	57/2	57/2	0.5	0	0	Chord	4/4	2	1	1/8	1/8	1	165								
9	8	29	29	0.5	1/8	1/8	Chord	4/4	2	1	1/8	1/8	1	166								
9	8	59/2	59/2	0.5	1/4	1/4	Chord	4/4	2	1	1/8	1/8	1	167								
9	8	30	30	0.5	3/8	3/8	Chord	4/4	2	1	1/8	1/8	1	168								
9	8	61/2	61/2	0.5	1/2	1/2	Chord	4/4	2	1	1/8	1/8	1	169								
9	8	31	31	1.0	5/8	5/8	Chord	4/4	2	1	1/4	1/4	1	170								
9	8	32	32	0.5	7/8	7/8	Chord	4/4	2	1	1/8	1/8	1	171								
9	8	57/2	57/2	0.0	0	0	FiguredBass	4/4	3	1	0							1/4	#			
9	8	57/2	57/2	0.5	0	0	Chord	4/4	3	1	1/8	1/8	1	172								
9	8	29	29	0.5	1/8	1/8	Chord	4/4	3	1	1/8	1/8	1	173								
9	8	59/2	59/2	0.0	1/4	1/4	FiguredBass	4/4	3	1	0							1/8	7			
9	8	59/2	59/2	0.5	1/4	1/4	Chord	4/4	3	1	1/8	1/8	1	174								
9	8	30	30	0.0	3/8	3/8	FiguredBass	4/4	3	1	0							1/8	5			
9	8	30	30	0.5	3/8	3/8	Chord	4/4	3	1	1/8	1/8	1	175								
9	8	61/2	61/2	0.0	1/2	1/2	FiguredBass	4/4	3	1	0							1/8	5	4		
9	8	61/2	61/2	0.5	1/2	1/2	Chord	4/4	3	1	1/8	1/8	1	176								
9	8	31	31	0.0	5/8	5/8	FiguredBass	4/4	3	1	0							1/8	3			
9	8	31	31	0.5	5/8	5/8	Chord	4/4	3	1	1/8	1/8	1	177								
9	8	63/2	63/2	0.0	3/4	3/4	FiguredBass	4/4	3	1	0							1/8	6			
9	8	63/2	63/2	0.5	3/4	3/4	Chord	4/4	3	1	1/8	1/8	1	178								
9	8	32	32	0.5	7/8	7/8	Chord	4/4	3	1	1/8	1/8	1	179								
10	9	65/2	65/2	0.5	0	0	Chord	4/4	1	1	1/8	1/8	1	180								
10	9	33	33	0.5	1/8	1/8	Chord	4/4	1	1	1/8	1/8	1	181								
10	9	67/2	67/2	0.75	1/4	1/4	Chord	4/4	1	1	3/16	1/8	3/2	182								
10	9	137/4	137/4	0.25	7/16	7/16	Chord	4/4	1	1	1/16	1/16	1	183								
10	9	69/2	69/2	0.5	1/2	1/2	Chord	4/4	1	1	1/8	1/8	1	184								6
10	9	35	35	0.5	5/8	5/8	Chord	4/4	1	1	1/8	1/8	1	185								
10	9	71/2	71/2	0.5	3/4	3/4	Chord	4/4	1	1	1/8	1/8	1	186								7
10	9	36	36	0.5	7/8	7/8	Chord	4/4	1	1	1/8	1/8	1	187								
10	9	65/2	65/2	0.5	0	0	Chord	4/4	2	1	1/8	1/8	1	188								
10	9	33	33	0.5	1/8	1/8	Chord	4/4	2	1	1/8	1/8	1	189								
10	9	67/2	67/2	0.75	1/4	1/4	Chord	4/4	2	1	3/16	1/8	3/2	190								
10	9	137/4	137/4	0.25	7/16	7/16	Chord	4/4	2	1	1/16	1/16	1	191								
10	9	69/2	69/2	0.5	1/2	1/2	Chord	4/4	2	1	1/8	1/8	1	192								
10	9	35	35	1.0	5/8	5/8	Chord	4/4	2	1	1/4	1/4	1	193								
10	9	36	36	0.5	7/8	7/8	Chord	4/4	2	1	1/8	1/8	1	194								
10	9	65/2	65/2	0.0	0	0	FiguredBass	4/4	3	1	0							1/8	7			
10	9	65/2	65/2	1.0	0	0	Chord	4/4	3	1	1/4	1/4	1	195								
10	9	33	33	0.0	1/8	1/8	FiguredBass	4/4	3	1	0							1/8	b6			
10	9	67/2	67/2	0.0	1/4	1/4	FiguredBass	4/4	3	1	0							1/4	b5			
10	9	67/2	67/2	1.0	1/4	1/4	Chord	4/4	3	1	1/4	1/4	1	196								
10	9	69/2	69/2	0.0	1/2	1/2	FiguredBass	4/4	3	1	0							1/8	b4			
10	9	69/2	69/2	1.0	1/2	1/2	Chord	4/4	3	1	1/4	1/4	1	197								
10	9	35	35	0.0	5/8	5/8	FiguredBass	4/4	3	1	0							1/8	3			
10	9	71/2	71/2	0.0	3/4	3/4	FiguredBass	4/4	3	1	0							1/4	6			
10	9	71/2	71/2	1.0	3/4	3/4	Chord	4/4	3	1	1/4	1/4	1	198								
11	10	73/2	73/2	0.25	0	0	Chord	4/4	1	1	1/16	1/16	1	199								8
11	10	147/4	147/4	0.25	1/16	1/16	Chord	4/4	1	1	1/16	1/16	1	200								
11	10	37	37	0.25	1/8	1/8	Chord	4/4	1	1	1/16	1/16	1	201								9
11	10	149/4	149/4	0.25	3/16	3/16	Chord	4/4	1	1	1/16	1/16	1	202								
11	10	75/2	75/2	0.75	1/4	1/4	Chord	4/4	1	1	3/16	1/8	3/2	203								
11	10	153/4	153/4	0.25	7/16	7/16	Chord	4/4	1	1	1/16	1/16	1	204								
11	10	77/2	77/2	1.0	1/2	1/2	Chord	4/4	1	1	1/4	1/4	1	205								
11	10	79/2	79/2	0.5	3/4	3/4	Chord	4/4	1	1	1/8	1/8	1	206								
11	10	40	40	0.5	7/8	7/8	Chord	4/4	1	1	1/8	1/8	1	207								
11	10	73/2	73/2	0.75	0	0	Chord	4/4	2	1	3/16	1/8	3/2	208								
11	10	149/4	149/4	0.25	3/16	3/16	Chord	4/4	2	1	1/16	1/16	1	209								
11	10	75/2	75/2	0.75	1/4	1/4	Chord	4/4	2	1	3/16	1/8	3/2	210								
11	10	153/4	153/4	0.25	7/16	7/16	Chord	4/4	2	1	1/16	1/16	1	211								
11	10	77/2	77/2	1.0	1/2	1/2	Chord	4/4	2	1	1/4	1/4	1	212								
11	10	79/2	79/2	1.0	3/4	3/4	Chord	4/4	2	1	1/4	1/4	1	213								
11	10	73/2	73/2	0.0	0	0	FiguredBass	4/4	3	1	0							1/8	6	4+	3b	
11	10	73/2	73/2	0.5	0	0	Chord	4/4	3	1	1/8	1/8	1	214								
11	10	37	37	0.5	1/8	1/8	Chord	4/4	3	1	1/8	1/8	1	215								
11	10	75/2	75/2	0.0	1/4	1/4	FiguredBass	4/4	3	1	0							3/16	5	4		
11	10	75/2	75/2	0.5	1/4	1/4	Chord	4/4	3	1	1/8	1/8	1	216								
11	10	38	38	0.5	3/8	3/8	Chord	4/4	3	1	1/8	1/8	1	217								
11	10	153/4	153/4	0.0	7/16	7/16	FiguredBass	4/4	3	1	0							1/16	#			
11	10	77/2	77/2	1.0	1/2	1/2	Chord	4/4	3	1	1/4	1/4	1	218								
11	10	79/2	79/2	0.0	3/4	3/4	FiguredBass	4/4	3	1	0							1/4	6			
11	10	79/2	79/2	1.0	3/4	3/4	Chord	4/4	3	1	1/4	1/4	1	219								
12	11	81/2	81/2	0.25	0	0	Chord	4/4	1	1	1/16	1/16	1	220								10
12	11	163/4	163/4	0.25	1/16	1/16	Chord	4/4	1	1	1/16	1/16	1	221								
12	11	41	41	0.25	1/8	1/8	Chord	4/4	1	1	1/16	1/16	1	222								11
12	11	165/4	165/4	0.25	3/16	3/16	Chord	4/4	1	1	1/16	1/16	1	223								
12	11	83/2	83/2	0.75	1/4	1/4	Chord	4/4	1	1	3/16	1/8	3/2	224								
12	11	169/4	169/4	0.25	7/16	7/16	Chord	4/4	1	1	1/16	1/16	1	225								
12	11	85/2	85/2	1.5	1/2	1/2	Chord	4/4	1	1	3/8	1/4	3/2	226								
12	11	81/2	81/2	0.75	0	0	Chord	4/4	2	1	3/16	1/8	3/2	227								
12	11	165/4	165/4	0.25	3/16	3/16	Chord	4/4	2	1	1/16	1/16	1	228								
12	11	83/2	83/2	0.75	1/4	1/4	Chord	4/4	2	1	3/16	1/8	3/2	229								
12	11	169/4	169/4	0.25	7/16	7/16	Chord	4/4	2	1	1/16	1/16	1	230								
12	11	85/2	85/2	1.5	1/2	1/2	Chord	4/4	2	1	3/8	1/4	3/2	231								
12	11	81/2	81/2	0.0	0	0	FiguredBass	4/4	3	1	0							1/8	6	4+	b3	
12	11	81/2	81/2	0.5	0	0	Chord	4/4	3	1	1/8	1/8	1	232								
12	11	41	41	0.5	1/8	1/8	Chord	4/4	3	1	1/8	1/8	1	233								
12	11	83/2	83/2	0.0	1/4	1/4	FiguredBass	4/4	3	1	0							3/16	5	4		
12	11	83/2	83/2	0.5	1/4	1/4	Chord	4/4	3	1	1/8	1/8	1	234								
12	11	42	42	0.5	3/8	3/8	Chord	4/4	3	1	1/8	1/8	1	235								
12	11	169/4	169/4	0.0	7/16	7/16	FiguredBass	4/4	3	1	0							1/16	#			
12	11	85/2	85/2	1.5	1/2	1/2	Chord	4/4	3	1	3/8	1/4	3/2	236								
13	11	177/4	177/4	0.25	1/16	15/16	Chord	4/4	1	1	1/16	1/16	1	237								
13	11	177/4	177/4	0.25	1/16	15/16	Chord	4/4	2	1	1/16	1/16	1	238								
13	11	177/4	177/4	0.0	1/16	15/16	FiguredBass	4/4	3	1	0							5/16	#			
13	11	177/4	177/4	0.25	1/16	15/16	Chord	4/4	3	1	1/16	1/16	1	239								
14	12	89/2	89/2	1.5	0	0	Chord	4/4	1	1	3/8	1/4	3/2	240								
14	12	46	46	0.5	3/8	3/8	Chord	4/4	1	1	1/8	1/8	1	241								
14	12	93/2	93/2	1.5	1/2	1/2	Chord	4/4	1	1	3/8	1/4	3/2	242								
14	12	48	48	0.5	7/8	7/8	Chord	4/4	1	1	1/8	1/8	1	243								
14	12	89/2	89/2	1.5	0	0	Chord	4/4	2	1	3/8	1/4	3/2	244								
14	12	46	46	0.5	3/8	3/8	Chord	4/4	2	1	1/8	1/8	1	245								
14	12	93/2	93/2	1.5	1/2	1/2	Chord	4/4	2	1	3/8	1/4	3/2	246								
14	12	48	48	0.5	7/8	7/8	Chord	4/4	2	1	1/8	1/8	1	247								
14	12	89/2	89/2	0.5	0	0	Chord	4/4	3	1	1/8	1/8	1	248								
14	12	45	45	0.5	1/8	1/8	Chord	4/4	3	1	1/8	1/8	1	249								
14	12	91/2	91/2	0.0	1/4	1/4	FiguredBass	4/4	3	1	0							1/8	6			
14	12	91/2	91/2	0.5	1/4	1/4	Chord	4/4	3	1	1/8	1/8	1	250								
14	12	46	46	0.5	3/8	3/8	Chord	4/4	3	1	1/8	1/8	1	251								
14	12	93/2	93/2	0.5	1/2	1/2	Chord	4/4	3	1	1/8	1/8	1	252								
14	12	47	47	0.5	5/8	5/8	Chord	4/4	3	1	1/8	1/8	1	253								
14	12	95/2	95/2	0.0	3/4	3/4	FiguredBass	4/4	3	1	0							1/8	6			
14	12	95/2	95/2	0.5	3/4	3/4	Chord	4/4	3	1	1/8	1/8	1	254								
14	12	48	48	0.0	7/8	7/8	FiguredBass	4/4	3	1	0							1/8	6b			
14	12	48	48	0.5	7/8	7/8	Chord	4/4	3	1	1/8	1/8	1	255								
15	13	97/2	97/2	1.5	0	0	Chord	4/4	1	1	3/8	1/4	3/2	256								
15	13	50	50	0.5	3/8	3/8	Chord	4/4	1	1	1/8	1/8	1	257								
15	13	101/2	101/2	1.5	1/2	1/2	Chord	4/4	1	1	3/8	1/4	3/2	258								
15	13	52	52	0.25	7/8	7/8	Chord	4/4	1	1	1/16	1/16	1	259								
15	13	209/4	209/4	0.25	15/16	15/16	Chord	4/4	1	1	1/16	1/16	1	260								
15	13	97/2	97/2	1.0	0	0	Chord	4/4	2	1	1/4	1/4	1	261								
15	13	50	50	0.5	3/8	3/8	Chord	4/4	2	1	1/8	1/8	1	262								
15	13	101/2	101/2	1.5	1/2	1/2	Chord	4/4	2	1	3/8	1/4	3/2	263								
15	13	52	52	0.25	7/8	7/8	Chord	4/4	2	1	1/16	1/16	1	264								12
15	13	209/4	209/4	0.25	15/16	15/16	Chord	4/4	2	1	1/16	1/16	1	265								
15	13	97/2	97/2	0.0	0	0	FiguredBass	4/4	3	1	0							1/8	6			
15	13	97/2	97/2	0.5	0	0	Chord	4/4	3	1	1/8	1/8	1	266								
15	13	49	49	0.5	1/8	1/8	Chord	4/4	3	1	1/8	1/8	1	267								
15	13	99/2	99/2	0.0	1/4	1/4	FiguredBass	4/4	3	1	0							1/8	6b			
15	13	99/2	99/2	0.5	1/4	1/4	Chord	4/4	3	1	1/8	1/8	1	268								
15	13	50	50	0.0	3/8	3/8	FiguredBass	4/4	3	1	0							1/8	6	5		
15	13	50	50	0.5	3/8	3/8	Chord	4/4	3	1	1/8	1/8	1	269								
15	13	101/2	101/2	0.0	1/2	1/2	FiguredBass	4/4	3	1	0							1/8	9			
15	13	101/2	101/2	0.5	1/2	1/2	Chord	4/4	3	1	1/8	1/8	1	270								
15	13	51	51	0.5	5/8	5/8	Chord	4/4	3	1	1/8	1/8	1	271								
15	13	103/2	103/2	0.0	3/4	3/4	FiguredBass	4/4	3	1	0							1/4	6			
15	13	103/2	103/2	0.5	3/4	3/4	Chord	4/4	3	1	1/8	1/8	1	272								
15	13	52	52	0.5	7/8	7/8	Chord	4/4	3	1	1/8	1/8	1	273								
16	14	105/2	105/2	0.5	0	0	Chord	4/4	1	1	1/8	1/8	1	274								
16	14	53	53	0.5	1/8	1/8	Chord	4/4	1	1	1/8	1/8	1	275								
16	14	107/2	107/2	0.75	1/4	1/4	Chord	4/4	1	1	3/16	1/8	3/2	276								
16	14	217/4	217/4	0.25	7/16	7/16	Chord	4/4	1	1	1/16	1/16	1	277								
16	14	109/2	109/2	1.5	1/2	1/2	Chord	4/4	1	1	3/8	1/4	3/2	278								
16	14	56	56	0.5	7/8	7/8	Chord	4/4	1	1	1/8	1/8	1	279								
16	14	105/2	105/2	3.0	0	0	Chord	4/4	2	1	3/4	1/2	3/2	280								
16	14	111/2	111/2	1.0	3/4	3/4	Chord	4/4	2	1	1/4	1/4	1	281								
16	14	105/2	105/2	0.0	0	0	FiguredBass	4/4	3	1	0							1/4	6			
16	14	105/2	105/2	1.0	0	0	Chord	4/4	3	1	1/4	1/4	1	282								
16	14	107/2	107/2	0.0	1/4	1/4	FiguredBass	4/4	3	1	0							1/4	5			
16	14	107/2	107/2	1.0	1/4	1/4	Chord	4/4	3	1	1/4	1/4	1	283								
16	14	109/2	109/2	0.0	1/2	1/2	FiguredBass	4/4	3	1	0							1/4	4	3		
16	14	109/2	109/2	1.0	1/2	1/2	Chord	4/4	3	1	1/4	1/4	1	284								
16	14	111/2	111/2	0.0	3/4	3/4	FiguredBass	4/4	3	1	0							1/4	6			
16	14	111/2	111/2	1.0	3/4	3/4	Chord	4/4	3	1	1/4	1/4	1	285								
17	15	113/2	113/2	0.25	0	0	Chord	4/4	1	1	1/16	1/16	1	286								13
17	15	227/4	227/4	0.25	1/16	1/16	Chord	4/4	1	1	1/16	1/16	1	287								13
17	15	57	57	0.5	1/8	1/8	Chord	4/4	1	1	1/8	1/8	1	288								
17	15	115/2	115/2	0.75	1/4	1/4	Chord	4/4	1	1	3/16	1/8	3/2	289								
17	15	233/4	233/4	0.25	7/16	7/16	Chord	4/4	1	1	1/16	1/16	1	290								
17	15	117/2	117/2	1.5	1/2	1/2	Chord	4/4	1	1	3/8	1/4	3/2	291								
17	15	60	60	0.25	7/8	7/8	Chord	4/4	1	1	1/16	1/16	1	292								
17	15	241/4	241/4	0.25	15/16	15/16	Chord	4/4	1	1	1/16	1/16	1	293								
17	15	113/2	113/2	0.5	0	0	Chord	4/4	2	1	1/8	1/8	1	294								
17	15	57	57	0.5	1/8	1/8	Chord	4/4	2	1	1/8	1/8	1	295								
17	15	115/2	115/2	0.75	1/4	1/4	Chord	4/4	2	1	3/16	1/8	3/2	296								
17	15	233/4	233/4	0.25	7/16	7/16	Chord	4/4	2	1	1/16	1/16	1	297								
17	15	117/2	117/2	1.5	1/2	1/2	Chord	4/4	2	1	3/8	1/4	3/2	298								
17	15	60	60	0.25	7/8	7/8	Chord	4/4	2	1	1/16	1/16	1	299								
17	15	241/4	241/4	0.25	15/16	15/16	Chord	4/4	2	1	1/16	1/16	1	300								
17	15	113/2	113/2	0.0	0	0	FiguredBass	4/4	3	1	0							1/4	6	5		
17	15	113/2	113/2	1.0	0	0	Chord	4/4	3	1	1/4	1/4	1	301								
17	15	115/2	115/2	0.0	1/4	1/4	FiguredBass	4/4	3	1	0							1/8	5	4		
17	15	115/2	115/2	1.0	1/4	1/4	Chord	4/4	3	1	1/4	1/4	1	302								
17	15	58	58	0.0	3/8	3/8	FiguredBass	4/4	3	1	0							1/8	3			
17	15	117/2	117/2	1.0	1/2	1/2	Chord	4/4	3	1	1/4	1/4	1	303								
17	15	119/2	119/2	1.0	3/4	3/4	Chord	4/4	3	1	1/4	1/4	1	304								
18	16	121/2	121/2	0.5	0	0	Chord	4/4	1	1	1/8	1/8	1	305								
18	16	61	61	1.0	1/8	1/8	Chord	4/4	1	1	1/4	1/4	1	306								
18	16	62	62	0.25	3/8	3/8	Chord	4/4	1	1	1/16	1/16	1	307								14
18	16	249/4	249/4	0.25	7/16	7/16	Chord	4/4	1	1	1/16	1/16	1	308								
18	16	125/2	125/2	0.5	1/2	1/2	Chord	4/4	1	1	1/8	1/8	1	309								
18	16	63	63	1.0	5/8	5/8	Chord	4/4	1	1	1/4	1/4	1	310								
18	16	64	64	0.25	7/8	7/8	Chord	4/4	1	1	1/16	1/16	1	311								
18	16	257/4	257/4	0.25	15/16	15/16	Chord	4/4	1	1	1/16	1/16	1	312								
18	16	121/2	121/2	0.5	0	0	Chord	4/4	2	1	1/8	1/8	1	313								
18	16	61	61	0.5	1/8	1/8	Chord	4/4	2	1	1/8	1/8	1	314								
18	16	123/2	123/2	0.75	1/4	1/4	Chord	4/4	2	1	3/16	1/8	3/2	315								
18	16	249/4	249/4	0.25	7/16	7/16	Chord	4/4	2	1	1/16	1/16	1	316								
18	16	125/2	125/2	0.5	1/2	1/2	Chord	4/4	2	1	1/8	1/8	1	317								
18	16	63	63	1.0	5/8	5/8	Chord	4/4	2	1	1/4	1/4	1	318								
18	16	64	64	0.25	7/8	7/8	Chord	4/4	2	1	1/16	1/16	1	319								15
18	16	257/4	257/4	0.25	15/16	15/16	Chord	4/4	2	1	1/16	1/16	1	320								
18	16	121/2	121/2	0.0	0	0	FiguredBass	4/4	3	1	0							1/4	6			
18	16	121/2	121/2	1.0	0	0	Chord	4/4	3	1	1/4	1/4	1	321								
18	16	123/2	123/2	0.0	1/4	1/4	FiguredBass	4/4	3	1	0							1/4	6	5		
18	16	123/2	123/2	1.0	1/4	1/4	Chord	4/4	3	1	1/4	1/4	1	322								
18	16	125/2	125/2	0.0	1/2	1/2	FiguredBass	4/4	3	1	0							1/4	b			
18	16	125/2	125/2	1.0	1/2	1/2	Chord	4/4	3	1	1/4	1/4	1	323								
18	16	127/2	127/2	0.0	3/4	3/4	FiguredBass	4/4	3	1	0							1/4	6			
18	16	127/2	127/2	1.0	3/4	3/4	Chord	4/4	3	1	1/4	1/4	1	324								
19	17	129/2	129/2	0.5	0	0	Chord	4/4	1	1	1/8	1/8	1	325								
19	17	65	65	0.5	1/8	1/8	Chord	4/4	1	1	1/8	1/8	1	326								
19	17	131/2	131/2	0.75	1/4	1/4	Chord	4/4	1	1	3/16	1/8	3/2	327								
19	17	265/4	265/4	0.25	7/16	7/16	Chord	4/4	1	1	1/16	1/16	1	328								
19	17	133/2	133/2	1.5	1/2	1/2	Chord	4/4	1	1	3/8	1/4	3/2	329								
19	17	68	68	0.25	7/8	7/8	Chord	4/4	1	1	1/16	1/16	1	330								16
19	17	273/4	273/4	0.25	15/16	15/16	Chord	4/4	1	1	1/16	1/16	1	331								
19	17	129/2	129/2	0.5	0	0	Chord	4/4	2	1	1/8	1/8	1	332								
19	17	65	65	0.5	1/8	1/8	Chord	4/4	2	1	1/8	1/8	1	333								
19	17	131/2	131/2	0.75	1/4	1/4	Chord	4/4	2	1	3/16	1/8	3/2	334								
19	17	265/4	265/4	0.25	7/16	7/16	Chord	4/4	2	1	1/16	1/16	1	335								
19	17	133/2	133/2	1.5	1/2	1/2	Chord	4/4	2	1	3/8	1/4	3/2	336								
19	17	68	68	0.25	7/8	7/8	Chord	4/4	2	1	1/16	1/16	1	337								
19	17	273/4	273/4	0.25	15/16	15/16	Chord	4/4	2	1	1/16	1/16	1	338								
19	17	129/2	129/2	0.0	0	0	FiguredBass	4/4	3	1	0							1/8	6	4		
19	17	129/2	129/2	1.0	0	0	Chord	4/4	3	1	1/4	1/4	1	339								
19	17	65	65	0.0	1/8	1/8	FiguredBass	4/4	3	1	0							1/8	7	5		
19	17	131/2	131/2	0.0	1/4	1/4	FiguredBass	4/4	3	1	0							3/16	b5	4		
19	17	131/2	131/2	1.0	1/4	1/4	Chord	4/4	3	1	1/4	1/4	1	340								
19	17	265/4	265/4	0.0	7/16	7/16	FiguredBass	4/4	3	1	0							1/16	#			
19	17	133/2	133/2	0.0	1/2	1/2	FiguredBass	4/4	3	1	0							1/4	b			
19	17	133/2	133/2	0.5	1/2	1/2	Chord	4/4	3	1	1/8	1/8	1	341								
19	17	67	67	0.5	5/8	5/8	Chord	4/4	3	1	1/8	1/8	1	342								
19	17	135/2	135/2	0.0	3/4	3/4	FiguredBass	4/4	3	1	0							1/4	6			
19	17	135/2	135/2	0.5	3/4	3/4	Chord	4/4	3	1	1/8	1/8	1	343								
19	17	68	68	0.5	7/8	7/8	Chord	4/4	3	1	1/8	1/8	1	344								
20	18	137/2	137/2	0.5	0	0	Chord	4/4	1	1	1/8	1/8	1	345								
20	18	69	69	1.0	1/8	1/8	Chord	4/4	1	1	1/4	1/4	1	346								
20	18	70	70	0.25	3/8	3/8	Chord	4/4	1	1	1/16	1/16	1	347								17
20	18	281/4	281/4	0.25	7/16	7/16	Chord	4/4	1	1	1/16	1/16	1	348								
20	18	141/2	141/2	0.5	1/2	1/2	Chord	4/4	1	1	1/8	1/8	1	349								
20	18	71	71	1.0	5/8	5/8	Chord	4/4	1	1	1/4	1/4	1	350								
20	18	72	72	0.25	7/8	7/8	Chord	4/4	1	1	1/16	1/16	1	351								
20	18	289/4	289/4	0.25	15/16	15/16	Chord	4/4	1	1	1/16	1/16	1	352								
20	18	137/2	137/2	0.5	0	0	Chord	4/4	2	1	1/8	1/8	1	353								
20	18	69	69	0.5	1/8	1/8	Chord	4/4	2	1	1/8	1/8	1	354								
20	18	139/2	139/2	0.75	1/4	1/4	Chord	4/4	2	1	3/16	1/8	3/2	355								
20	18	281/4	281/4	0.25	7/16	7/16	Chord	4/4	2	1	1/16	1/16	1	356								
20	18	141/2	141/2	1.0	1/2	1/2	Chord	4/4	2	1	1/4	1/4	1	357								
20	18	143/2	143/2	1.0	3/4	3/4	Chord	4/4	2	1	1/4	1/4	1	358								
20	18	137/2	137/2	0.0	0	0	FiguredBass	4/4	3	1	0							1/4	6b			
20	18	137/2	137/2	1.0	0	0	Chord	4/4	3	1	1/4	1/4	1	359								
20	18	139/2	139/2	0.0	1/4	1/4	FiguredBass	4/4	3	1	0							1/4	5b			
20	18	139/2	139/2	1.0	1/4	1/4	Chord	4/4	3	1	1/4	1/4	1	360								
20	18	141/2	141/2	0.5	1/2	1/2	Chord	4/4	3	1	1/8	1/8	1	361								
20	18	71	71	0.5	5/8	5/8	Chord	4/4	3	1	1/8	1/8	1	362								
20	18	143/2	143/2	0.0	3/4	3/4	FiguredBass	4/4	3	1	0							1/4	#			
20	18	143/2	143/2	0.5	3/4	3/4	Chord	4/4	3	1	1/8	1/8	1	363								
20	18	72	72	0.5	7/8	7/8	Chord	4/4	3	1	1/8	1/8	1	364								
21	19	145/2	145/2	0.5	0	0	Chord	4/4	1	1	1/8	1/8	1	365								
21	19	73	73	1.0	1/8	1/8	Chord	4/4	1	1	1/4	1/4	1	366								
21	19	74	74	0.25	3/8	3/8	Chord	4/4	1	1	1/16	1/16	1	367								
21	19	297/4	297/4	0.25	7/16	7/16	Chord	4/4	1	1	1/16	1/16	1	368								
21	19	149/2	149/2	0.5	1/2	1/2	Chord	4/4	1	1	1/8	1/8	1	369								
21	19	75	75	1.0	5/8	5/8	Chord	4/4	1	1	1/4	1/4	1	370								
21	19	76	76	0.25	7/8	7/8	Chord	4/4	1	1	1/16	1/16	1	371								18
21	19	305/4	305/4	0.25	15/16	15/16	Chord	4/4	1	1	1/16	1/16	1	372								
21	19	145/2	145/2	0.5	0	0	Chord	4/4	2	1	1/8	1/8	1	373								
21	19	73	73	0.5	1/8	1/8	Chord	4/4	2	1	1/8	1/8	1	374								
21	19	147/2	147/2	0.75	1/4	1/4	Chord	4/4	2	1	3/16	1/8	3/2	375								
21	19	297/4	297/4	0.25	7/16	7/16	Chord	4/4	2	1	1/16	1/16	1	376								
21	19	149/2	149/2	0.5	1/2	1/2	Chord	4/4	2	1	1/8	1/8	1	377								
21	19	75	75	1.0	5/8	5/8	Chord	4/4	2	1	1/4	1/4	1	378								
21	19	76	76	0.25	7/8	7/8	Chord	4/4	2	1	1/16	1/16	1	379								19
21	19	305/4	305/4	0.25	15/16	15/16	Chord	4/4	2	1	1/16	1/16	1	380								
21	19	145/2	145/2	0.0	0	0	FiguredBass	4/4	3	1	0							1/4	6			
21	19	145/2	145/2	1.0	0	0	Chord	4/4	3	1	1/4	1/4	1	381								
21	19	147/2	147/2	0.0	1/4	1/4	FiguredBass	4/4	3	1	0							1/4	6	5		
21	19	147/2	147/2	1.0	1/4	1/4	Chord	4/4	3	1	1/4	1/4	1	382								
21	19	149/2	149/2	0.5	1/2	1/2	Chord	4/4	3	1	1/8	1/8	1	383								
21	19	75	75	0.5	5/8	5/8	Chord	4/4	3	1	1/8	1/8	1	384								
21	19	151/2	151/2	0.5	3/4	3/4	Chord	4/4	3	1	1/8	1/8	1	385								
21	19	76	76	0.5	7/8	7/8	Chord	4/4	3	1	1/8	1/8	1	386								
22	20	153/2	153/2	0.5	0	0	Chord	4/4	1	1	1/8	1/8	1	387								
22	20	77	77	0.5	1/8	1/8	Chord	4/4	1	1	1/8	1/8	1	388								
22	20	155/2	155/2	0.5	1/4	1/4	Chord	4/4	1	1	1/8	1/8	1	389								
22	20	78	78	0.5	3/8	3/8	Chord	4/4	1	1	1/8	1/8	1	390								
22	20	157/2	157/2	0.5	1/2	1/2	Chord	4/4	1	1	1/8	1/8	1	391								
22	20	79	79	1.0	5/8	5/8	Chord	4/4	1	1	1/4	1/4	1	392								
22	20	80	80	0.5	7/8	7/8	Chord	4/4	1	1	1/8	1/8	1	393								
22	20	153/2	153/2	0.5	0	0	Chord	4/4	2	1	1/8	1/8	1	394								
22	20	77	77	0.5	1/8	1/8	Chord	4/4	2	1	1/8	1/8	1	395								
22	20	155/2	155/2	0.5	1/4	1/4	Chord	4/4	2	1	1/8	1/8	1	396								
22	20	78	78	0.5	3/8	3/8	Chord	4/4	2	1	1/8	1/8	1	397								
22	20	157/2	157/2	0.5	1/2	1/2	Chord	4/4	2	1	1/8	1/8	1	398								
22	20	79	79	1.0	5/8	5/8	Chord	4/4	2	1	1/4	1/4	1	399								
22	20	80	80	0.25	7/8	7/8	Chord	4/4	2	1	1/16	1/16	1	400								
22	20	321/4	321/4	0.25	15/16	15/16	Chord	4/4	2	1	1/16	1/16	1	401								
22	20	153/2	153/2	0.0	0	0	FiguredBass	4/4	3	1	0							1/4	b6			
22	20	153/2	153/2	1.0	0	0	Chord	4/4	3	1	1/4	1/4	1	402								
22	20	155/2	155/2	0.0	1/4	1/4	FiguredBass	4/4	3	1	0							1/8	7	4		
22	20	155/2	155/2	1.0	1/4	1/4	Chord	4/4	3	1	1/4	1/4	1	403								
22	20	78	78	0.0	3/8	3/8	FiguredBass	4/4	3	1	0							1/8	3			
22	20	157/2	157/2	0.0	1/2	1/2	FiguredBass	4/4	3	1	0							1/8	6			
22	20	157/2	157/2	1.0	1/2	1/2	Chord	4/4	3	1	1/4	1/4	1	404								
22	20	79	79	0.0	5/8	5/8	FiguredBass	4/4	3	1	0							1/8	5			
22	20	159/2	159/2	0.0	3/4	3/4	FiguredBass	4/4	3	1	0							1/4	6			
22	20	159/2	159/2	1.0	3/4	3/4	Chord	4/4	3	1	1/4	1/4	1	405								
23	21	161/2	161/2	0.25	0	0	Chord	4/4	1	1	1/16	1/16	1	406								
23	21	323/4	323/4	0.25	1/16	1/16	Chord	4/4	1	1	1/16	1/16	1	407								
23	21	81	81	0.25	1/8	1/8	Chord	4/4	1	1	1/16	1/16	1	408								
23	21	325/4	325/4	0.25	3/16	3/16	Chord	4/4	1	1	1/16	1/16	1	409								
23	21	163/2	163/2	0.75	1/4	1/4	Chord	4/4	1	1	3/16	1/8	3/2	410								
23	21	329/4	329/4	0.25	7/16	7/16	Chord	4/4	1	1	1/16	1/16	1	411								
23	21	165/2	165/2	1.0	1/2	1/2	Chord	4/4	1	1	1/4	1/4	1	412								
23	21	167/2	167/2	1.0	3/4	3/4	Chord	4/4	1	1	1/4	1/4	1	413								
23	21	161/2	161/2	0.75	0	0	Chord	4/4	2	1	3/16	1/8	3/2	414								
23	21	325/4	325/4	0.25	3/16	3/16	Chord	4/4	2	1	1/16	1/16	1	415								
23	21	163/2	163/2	0.75	1/4	1/4	Chord	4/4	2	1	3/16	1/8	3/2	416								
23	21	329/4	329/4	0.25	7/16	7/16	Chord	4/4	2	1	1/16	1/16	1	417								
23	21	165/2	165/2	1.0	1/2	1/2	Chord	4/4	2	1	1/4	1/4	1	418								
23	21	167/2	167/2	0.5	3/4	3/4	Chord	4/4	2	1	1/8	1/8	1	419								
23	21	84	84	0.5	7/8	7/8	Chord	4/4	2	1	1/8	1/8	1	420								
23	21	161/2	161/2	0.0	0	0	FiguredBass	4/4	3	1	0							1/8	6	4		
23	21	161/2	161/2	1.0	0	0	Chord	4/4	3	1	1/4	1/4	1	421								
23	21	81	81	0.0	1/8	1/8	FiguredBass	4/4	3	1	0							1/8	7	5		
23	21	163/2	163/2	0.0	1/4	1/4	FiguredBass	4/4	3	1	0							3/16	5	4		
23	21	163/2	163/2	1.0	1/4	1/4	Chord	4/4	3	1	1/4	1/4	1	422								
23	21	329/4	329/4	0.0	7/16	7/16	FiguredBass	4/4	3	1	0							1/16	#3			
23	21	165/2	165/2	1.0	1/2	1/2	Chord	4/4	3	1	1/4	1/4	1	423								
23	21	167/2	167/2	0.0	3/4	3/4	FiguredBass	4/4	3	1	0							1/8	5	b		
23	21	167/2	167/2	1.0	3/4	3/4	Chord	4/4	3	1	1/4	1/4	1	424								
23	21	84	84	0.0	7/8	7/8	FiguredBass	4/4	3	1	0							1/8	6			
24	22	169/2	169/2	0.5	0	0	Chord	4/4	1	1	1/8	1/8	1	425								
24	22	85	85	0.5	1/8	1/8	Chord	4/4	1	1	1/8	1/8	1	426								
24	22	171/2	171/2	0.75	1/4	1/4	Chord	4/4	1	1	3/16	1/8	3/2	427								
24	22	345/4	345/4	0.25	7/16	7/16	Chord	4/4	1	1	1/16	1/16	1	428								
24	22	173/2	173/2	1.5	1/2	1/2	Chord	4/4	1	1	3/8	1/4	3/2	429								
24	22	169/2	169/2	0.5	0	0	Chord	4/4	2	1	1/8	1/8	1	430								
24	22	85	85	0.5	1/8	1/8	Chord	4/4	2	1	1/8	1/8	1	431								
24	22	171/2	171/2	0.75	1/4	1/4	Chord	4/4	2	1	3/16	1/8	3/2	432								
24	22	345/4	345/4	0.25	7/16	7/16	Chord	4/4	2	1	1/16	1/16	1	433								
24	22	173/2	173/2	1.5	1/2	1/2	Chord	4/4	2	1	3/8	1/4	3/2	434								
24	22	169/2	169/2	0.0	0	0	FiguredBass	4/4	3	1	0							1/8	7	#		
24	22	169/2	169/2	0.5	0	0	Chord	4/4	3	1	1/8	1/8	1	435								
24	22	85	85	0.5	1/8	1/8	Chord	4/4	3	1	1/8	1/8	1	436								
24	22	171/2	171/2	0.0	1/4	1/4	FiguredBass	4/4	3	1	0							3/16	5	4		
24	22	171/2	171/2	1.0	1/4	1/4	Chord	4/4	3	1	1/4	1/4	1	437								
24	22	345/4	345/4	0.0	7/16	7/16	FiguredBass	4/4	3	1	0							1/16	#			
24	22	173/2	173/2	1.5	1/2	1/2	Chord	4/4	3	1	3/8	1/4	3/2	438								
