mc	mn	quarterbeats	quarterbeats_all_endings	duration_qb	mc_onset	mn_onset	event	timesig	staff	voice	duration	nominal_duration	scalar	chord_id	tempo	qpm	tempo_visible	thoroughbass_duration	thoroughbass_level_1	thoroughbass_level_2	slur
1	1	0	0	0.0	0	0	Tempo	3/8	1	1	0				Adagio	44.0	1.0				
1	1	1/2	1/2	0.25	1/8	1/8	Chord	3/8	1	1	1/16	1/16	1	0							0
1	1	3/4	3/4	0.25	3/16	3/16	Chord	3/8	1	1	1/16	1/16	1	1							
1	1	1	1	0.5	1/4	1/4	Chord	3/8	1	1	1/8	1/8	1	2							
1	1	1/2	1/2	0.25	1/8	1/8	Chord	3/8	2	1	1/16	1/16	1	3							1
1	1	3/4	3/4	0.25	3/16	3/16	Chord	3/8	2	1	1/16	1/16	1	4							
1	1	1	1	0.5	1/4	1/4	Chord	3/8	2	1	1/8	1/8	1	5							
1	1	0	0	0.5	0	0	Chord	3/8	3	1	1/8	1/8	1	6							
1	1	1/2	1/2	0.5	1/8	1/8	Chord	3/8	3	1	1/8	1/8	1	7							
1	1	0	0	0.5	0	0	Chord	3/8	4	1	1/8	1/8	1	8							
1	1	1/2	1/2	0.5	1/8	1/8	Chord	3/8	4	1	1/8	1/8	1	9							
2	2	2	2	0.25	1/8	1/8	Chord	3/8	1	1	1/16	1/16	1	10							2
2	2	9/4	9/4	0.25	3/16	3/16	Chord	3/8	1	1	1/16	1/16	1	11							
2	2	5/2	5/2	0.5	1/4	1/4	Chord	3/8	1	1	1/8	1/8	1	12							
2	2	2	2	0.25	1/8	1/8	Chord	3/8	2	1	1/16	1/16	1	13							3
2	2	9/4	9/4	0.25	3/16	3/16	Chord	3/8	2	1	1/16	1/16	1	14							
2	2	5/2	5/2	0.5	1/4	1/4	Chord	3/8	2	1	1/8	1/8	1	15							
2	2	3/2	3/2	0.5	0	0	Chord	3/8	3	1	1/8	1/8	1	16							
2	2	2	2	0.5	1/8	1/8	Chord	3/8	3	1	1/8	1/8	1	17							
2	2	3/2	3/2	0.5	0	0	Chord	3/8	4	1	1/8	1/8	1	18							
2	2	2	2	0.5	1/8	1/8	Chord	3/8	4	1	1/8	1/8	1	19							
3	3	7/2	7/2	0.25	1/8	1/8	Chord	3/8	1	1	1/16	1/16	1	20							4
3	3	15/4	15/4	0.25	3/16	3/16	Chord	3/8	1	1	1/16	1/16	1	21							
3	3	4	4	0.5	1/4	1/4	Chord	3/8	1	1	1/8	1/8	1	22							
3	3	7/2	7/2	0.25	1/8	1/8	Chord	3/8	2	1	1/16	1/16	1	23							5
3	3	15/4	15/4	0.25	3/16	3/16	Chord	3/8	2	1	1/16	1/16	1	24							
3	3	4	4	0.5	1/4	1/4	Chord	3/8	2	1	1/8	1/8	1	25							
3	3	3	3	0.5	0	0	Chord	3/8	3	1	1/8	1/8	1	26							
3	3	7/2	7/2	0.5	1/8	1/8	Chord	3/8	3	1	1/8	1/8	1	27							
3	3	3	3	0.5	0	0	Chord	3/8	4	1	1/8	1/8	1	28							
3	3	7/2	7/2	0.5	1/8	1/8	Chord	3/8	4	1	1/8	1/8	1	29							
4	4	5	5	0.25	1/8	1/8	Chord	3/8	1	1	1/16	1/16	1	30							6
4	4	21/4	21/4	0.25	3/16	3/16	Chord	3/8	1	1	1/16	1/16	1	31							
4	4	11/2	11/2	0.5	1/4	1/4	Chord	3/8	1	1	1/8	1/8	1	32							
4	4	5	5	0.25	1/8	1/8	Chord	3/8	2	1	1/16	1/16	1	33							7
4	4	21/4	21/4	0.25	3/16	3/16	Chord	3/8	2	1	1/16	1/16	1	34							
4	4	11/2	11/2	0.5	1/4	1/4	Chord	3/8	2	1	1/8	1/8	1	35							
4	4	9/2	9/2	0.5	0	0	Chord	3/8	3	1	1/8	1/8	1	36							
4	4	5	5	0.5	1/8	1/8	Chord	3/8	3	1	1/8	1/8	1	37							
4	4	9/2	9/2	0.5	0	0	Chord	3/8	4	1	1/8	1/8	1	38							
4	4	5	5	0.5	1/8	1/8	Chord	3/8	4	1	1/8	1/8	1	39							
5	5	13/2	13/2	0.25	1/8	1/8	Chord	3/8	1	1	1/16	1/16	1	40							8
5	5	27/4	27/4	0.25	3/16	3/16	Chord	3/8	1	1	1/16	1/16	1	41							
5	5	7	7	0.5	1/4	1/4	Chord	3/8	1	1	1/8	1/8	1	42							
5	5	13/2	13/2	0.25	1/8	1/8	Chord	3/8	2	1	1/16	1/16	1	43							9
5	5	27/4	27/4	0.25	3/16	3/16	Chord	3/8	2	1	1/16	1/16	1	44							
5	5	7	7	0.5	1/4	1/4	Chord	3/8	2	1	1/8	1/8	1	45							
5	5	6	6	0.5	0	0	Chord	3/8	3	1	1/8	1/8	1	46							
5	5	13/2	13/2	0.5	1/8	1/8	Chord	3/8	3	1	1/8	1/8	1	47							
5	5	6	6	0.5	0	0	Chord	3/8	4	1	1/8	1/8	1	48							
5	5	13/2	13/2	0.5	1/8	1/8	Chord	3/8	4	1	1/8	1/8	1	49							
6	6	8	8	0.25	1/8	1/8	Chord	3/8	1	1	1/16	1/16	1	50							10
6	6	33/4	33/4	0.25	3/16	3/16	Chord	3/8	1	1	1/16	1/16	1	51							
6	6	17/2	17/2	0.25	1/4	1/4	Chord	3/8	1	1	1/16	1/16	1	52							11
6	6	35/4	35/4	0.25	5/16	5/16	Chord	3/8	1	1	1/16	1/16	1	53							
6	6	8	8	0.25	1/8	1/8	Chord	3/8	2	1	1/16	1/16	1	54							12
6	6	33/4	33/4	0.25	3/16	3/16	Chord	3/8	2	1	1/16	1/16	1	55							
6	6	17/2	17/2	0.25	1/4	1/4	Chord	3/8	2	1	1/16	1/16	1	56							13
6	6	35/4	35/4	0.25	5/16	5/16	Chord	3/8	2	1	1/16	1/16	1	57							
6	6	15/2	15/2	0.5	0	0	Chord	3/8	3	1	1/8	1/8	1	58							
6	6	8	8	0.5	1/8	1/8	Chord	3/8	3	1	1/8	1/8	1	59							
6	6	15/2	15/2	0.5	0	0	Chord	3/8	4	1	1/8	1/8	1	60							
6	6	8	8	0.5	1/8	1/8	Chord	3/8	4	1	1/8	1/8	1	61							
7	7	9	9	0.25	0	0	Chord	3/8	1	1	1/16	1/16	1	62							14
7	7	37/4	37/4	0.25	1/16	1/16	Chord	3/8	1	1	1/16	1/16	1	63							
7	7	19/2	19/2	0.25	1/8	1/8	Chord	3/8	1	1	1/16	1/16	1	64							15
7	7	39/4	39/4	0.25	3/16	3/16	Chord	3/8	1	1	1/16	1/16	1	65							
7	7	10	10	0.25	1/4	1/4	Chord	3/8	1	1	1/16	1/16	1	66							16
7	7	41/4	41/4	0.25	5/16	5/16	Chord	3/8	1	1	1/16	1/16	1	67							
7	7	9	9	0.75	0	0	Chord	3/8	2	1	3/16	1/8	3/2	68							
7	7	39/4	39/4	0.25	3/16	3/16	Chord	3/8	2	1	1/16	1/16	1	69							
7	7	10	10	0.5	1/4	1/4	Chord	3/8	2	1	1/8	1/8	1	70							
7	7	9	9	0.75	0	0	Chord	3/8	3	1	3/16	1/8	3/2	71							
7	7	39/4	39/4	0.25	3/16	3/16	Chord	3/8	3	1	1/16	1/16	1	72							
7	7	10	10	0.5	1/4	1/4	Chord	3/8	3	1	1/8	1/8	1	73							
7	7	9	9	0.0	0	0	FiguredBass	3/8	4	1	0							3/16	#		
7	7	9	9	0.75	0	0	Chord	3/8	4	1	3/16	1/8	3/2	74							
7	7	39/4	39/4	0.25	3/16	3/16	Chord	3/8	4	1	1/16	1/16	1	75							
7	7	10	10	0.0	1/4	1/4	FiguredBass	3/8	4	1	0							1/8	6		
7	7	10	10	0.5	1/4	1/4	Chord	3/8	4	1	1/8	1/8	1	76							
8	8	21/2	21/2	0.25	0	0	Chord	3/8	1	1	1/16	1/16	1	77							17
8	8	43/4	43/4	0.25	1/16	1/16	Chord	3/8	1	1	1/16	1/16	1	78							
8	8	11	11	1.0	1/8	1/8	Chord	3/8	1	1	1/4	1/4	1	79							
8	8	21/2	21/2	0.5	0	0	Chord	3/8	2	1	1/8	1/8	1	80							
8	8	11	11	0.75	1/8	1/8	Chord	3/8	2	1	3/16	1/8	3/2	81							
8	8	47/4	47/4	0.25	5/16	5/16	Chord	3/8	2	1	1/16	1/16	1	82							
8	8	21/2	21/2	0.5	0	0	Chord	3/8	3	1	1/8	1/8	1	83							
8	8	11	11	0.5	1/8	1/8	Chord	3/8	3	1	1/8	1/8	1	84							
8	8	23/2	23/2	0.5	1/4	1/4	Chord	3/8	3	1	1/8	1/8	1	85							
8	8	21/2	21/2	0.0	0	0	FiguredBass	3/8	4	1	0							1/8	6	5	
8	8	21/2	21/2	0.5	0	0	Chord	3/8	4	1	1/8	1/8	1	86							
8	8	11	11	0.0	1/8	1/8	FiguredBass	3/8	4	1	0							1/8	4		
8	8	11	11	0.5	1/8	1/8	Chord	3/8	4	1	1/8	1/8	1	87							
8	8	23/2	23/2	0.0	1/4	1/4	FiguredBass	3/8	4	1	0							1/8	#		
8	8	23/2	23/2	0.5	1/4	1/4	Chord	3/8	4	1	1/8	1/8	1	88							
9	9	12	12	0.5	0	0	Chord	3/8	1	1	1/8	1/8	1	89							
9	9	25/2	25/2	0.25	1/8	1/8	Chord	3/8	1	1	1/16	1/16	1	90							18
9	9	51/4	51/4	0.25	3/16	3/16	Chord	3/8	1	1	1/16	1/16	1	91							
9	9	13	13	0.5	1/4	1/4	Chord	3/8	1	1	1/8	1/8	1	92							
9	9	12	12	1.0	0	0	Chord	3/8	2	1	1/4	1/4	1	93							
9	9	12	12	0.5	0	0	Chord	3/8	3	1	1/8	1/8	1	94							
9	9	25/2	25/2	1.0	1/8	1/8	Chord	3/8	3	1	1/4	1/4	1	95							
9	9	12	12	0.5	0	0	Chord	3/8	4	1	1/8	1/8	1	96							
9	9	25/2	25/2	1.0	1/8	1/8	Chord	3/8	4	1	1/4	1/4	1	97							
10	10	27/2	27/2	0.5	0	0	Chord	3/8	1	1	1/8	1/8	1	98							
10	10	14	14	0.5	1/8	1/8	Chord	3/8	1	1	1/8	1/8	1	99							
10	10	29/2	29/2	0.5	1/4	1/4	Chord	3/8	1	1	1/8	1/8	1	100							
10	10	27/2	27/2	0.5	0	0	Chord	3/8	3	1	1/8	1/8	1	101							
10	10	14	14	0.5	1/8	1/8	Chord	3/8	3	1	1/8	1/8	1	102							
10	10	29/2	29/2	0.5	1/4	1/4	Chord	3/8	3	1	1/8	1/8	1	103							
10	10	27/2	27/2	0.0	0	0	FiguredBass	3/8	4	1	0							1/8	4	2	
10	10	27/2	27/2	0.5	0	0	Chord	3/8	4	1	1/8	1/8	1	104							
10	10	14	14	0.0	1/8	1/8	FiguredBass	3/8	4	1	0							1/8	6		
10	10	14	14	0.5	1/8	1/8	Chord	3/8	4	1	1/8	1/8	1	105							
10	10	29/2	29/2	0.5	1/4	1/4	Chord	3/8	4	1	1/8	1/8	1	106							
11	11	15	15	0.5	0	0	Chord	3/8	1	1	1/8	1/8	1	107							
11	11	31/2	31/2	1.0	1/8	1/8	Chord	3/8	1	1	1/4	1/4	1	108							
11	11	31/2	31/2	0.25	1/8	1/8	Chord	3/8	2	1	1/16	1/16	1	109							19
11	11	63/4	63/4	0.25	3/16	3/16	Chord	3/8	2	1	1/16	1/16	1	110							
11	11	16	16	0.5	1/4	1/4	Chord	3/8	2	1	1/8	1/8	1	111							
11	11	15	15	1.0	0	0	Chord	3/8	3	1	1/4	1/4	1	112							
11	11	16	16	0.5	1/4	1/4	Chord	3/8	3	1	1/8	1/8	1	113							
11	11	15	15	0.0	0	0	FiguredBass	3/8	4	1	0							1/8	7		
11	11	15	15	1.0	0	0	Chord	3/8	4	1	1/4	1/4	1	114							
11	11	31/2	31/2	0.0	1/8	1/8	FiguredBass	3/8	4	1	0							1/8	6		
11	11	16	16	0.5	1/4	1/4	Chord	3/8	4	1	1/8	1/8	1	115							
12	12	33/2	33/2	0.5	0	0	Chord	3/8	1	1	1/8	1/8	1	116							
12	12	17	17	0.5	1/8	1/8	Chord	3/8	1	1	1/8	1/8	1	117							
12	12	35/2	35/2	0.5	1/4	1/4	Chord	3/8	1	1	1/8	1/8	1	118							
12	12	33/2	33/2	0.5	0	0	Chord	3/8	2	1	1/8	1/8	1	119							
12	12	17	17	0.5	1/8	1/8	Chord	3/8	2	1	1/8	1/8	1	120							
12	12	35/2	35/2	0.5	1/4	1/4	Chord	3/8	2	1	1/8	1/8	1	121							
12	12	33/2	33/2	1.0	0	0	Chord	3/8	3	1	1/4	1/4	1	122							
12	12	35/2	35/2	0.5	1/4	1/4	Chord	3/8	3	1	1/8	1/8	1	123							
12	12	33/2	33/2	0.0	0	0	FiguredBass	3/8	4	1	0							1/8	7		
12	12	33/2	33/2	1.0	0	0	Chord	3/8	4	1	1/4	1/4	1	124							
12	12	17	17	0.0	1/8	1/8	FiguredBass	3/8	4	1	0							1/8	6		
12	12	35/2	35/2	0.5	1/4	1/4	Chord	3/8	4	1	1/8	1/8	1	125							
13	13	18	18	1.5	0	0	Chord	3/8	1	1	3/8	1/4	3/2	126							
13	13	18	18	0.5	0	0	Chord	3/8	2	1	1/8	1/8	1	127							
13	13	37/2	37/2	1.0	1/8	1/8	Chord	3/8	2	1	1/4	1/4	1	128							
13	13	18	18	0.5	0	0	Chord	3/8	3	1	1/8	1/8	1	129							
13	13	37/2	37/2	0.5	1/8	1/8	Chord	3/8	3	1	1/8	1/8	1	130							
13	13	19	19	0.5	1/4	1/4	Chord	3/8	3	1	1/8	1/8	1	131							
13	13	18	18	0.0	0	0	FiguredBass	3/8	4	1	0							1/8	7		
13	13	18	18	0.5	0	0	Chord	3/8	4	1	1/8	1/8	1	132							
13	13	37/2	37/2	0.0	1/8	1/8	FiguredBass	3/8	4	1	0							1/8	7		
13	13	37/2	37/2	0.5	1/8	1/8	Chord	3/8	4	1	1/8	1/8	1	133							
13	13	19	19	0.0	1/4	1/4	FiguredBass	3/8	4	1	0							1/8	7		
13	13	19	19	0.5	1/4	1/4	Chord	3/8	4	1	1/8	1/8	1	134							
14	14	39/2	39/2	1.5	0	0	Chord	3/8	1	1	3/8	1/4	3/2	135							
14	14	39/2	39/2	0.5	0	0	Chord	3/8	2	1	1/8	1/8	1	136							
14	14	20	20	1.0	1/8	1/8	Chord	3/8	2	1	1/4	1/4	1	137							
14	14	39/2	39/2	0.5	0	0	Chord	3/8	3	1	1/8	1/8	1	138							
14	14	20	20	0.25	1/8	1/8	Chord	3/8	3	1	1/16	1/16	1	139							
14	14	81/4	81/4	0.25	3/16	3/16	Chord	3/8	3	1	1/16	1/16	1	140							
14	14	41/2	41/2	0.5	1/4	1/4	Chord	3/8	3	1	1/8	1/8	1	141							
14	14	39/2	39/2	0.5	0	0	Chord	3/8	4	1	1/8	1/8	1	142							
14	14	20	20	0.0	1/8	1/8	FiguredBass	3/8	4	1	0							1/16	6		
14	14	20	20	0.25	1/8	1/8	Chord	3/8	4	1	1/16	1/16	1	143							
14	14	81/4	81/4	0.25	3/16	3/16	Chord	3/8	4	1	1/16	1/16	1	144							
14	14	41/2	41/2	0.5	1/4	1/4	Chord	3/8	4	1	1/8	1/8	1	145							
15	15	21	21	0.5	0	0	Chord	3/8	1	1	1/8	1/8	1	146							
15	15	43/2	43/2	1.0	1/8	1/8	Chord	3/8	1	1	1/4	1/4	1	147							
15	15	21	21	0.5	0	0	Chord	3/8	2	1	1/8	1/8	1	148							
15	15	43/2	43/2	1.0	1/8	1/8	Chord	3/8	2	1	1/4	1/4	1	149							
15	15	21	21	0.5	0	0	Chord	3/8	3	1	1/8	1/8	1	150							
15	15	43/2	43/2	0.5	1/8	1/8	Chord	3/8	3	1	1/8	1/8	1	151							
15	15	22	22	0.5	1/4	1/4	Chord	3/8	3	1	1/8	1/8	1	152							
15	15	21	21	0.0	0	0	FiguredBass	3/8	4	1	0							1/8	7		
15	15	21	21	0.5	0	0	Chord	3/8	4	1	1/8	1/8	1	153							
15	15	43/2	43/2	0.5	1/8	1/8	Chord	3/8	4	1	1/8	1/8	1	154							
15	15	22	22	0.5	1/4	1/4	Chord	3/8	4	1	1/8	1/8	1	155							
16	16	45/2	45/2	1.0	0	0	Chord	3/8	1	1	1/4	1/4	1	156							
16	16	47/2	47/2	0.5	1/4	1/4	Chord	3/8	1	1	1/8	1/8	1	157							
16	16	45/2	45/2	1.5	0	0	Chord	3/8	2	1	3/8	1/4	3/2	158							
16	16	45/2	45/2	0.5	0	0	Chord	3/8	3	1	1/8	1/8	1	159							
16	16	23	23	0.25	1/8	1/8	Chord	3/8	3	1	1/16	1/16	1	160							
16	16	93/4	93/4	0.25	3/16	3/16	Chord	3/8	3	1	1/16	1/16	1	161							
16	16	47/2	47/2	0.5	1/4	1/4	Chord	3/8	3	1	1/8	1/8	1	162							
16	16	45/2	45/2	0.0	0	0	FiguredBass	3/8	4	1	0							1/8	4	2	
16	16	45/2	45/2	0.5	0	0	Chord	3/8	4	1	1/8	1/8	1	163							
16	16	23	23	0.25	1/8	1/8	Chord	3/8	4	1	1/16	1/16	1	164							
16	16	93/4	93/4	0.25	3/16	3/16	Chord	3/8	4	1	1/16	1/16	1	165							
16	16	47/2	47/2	0.0	1/4	1/4	FiguredBass	3/8	4	1	0							1/8	6	5	
16	16	47/2	47/2	0.5	1/4	1/4	Chord	3/8	4	1	1/8	1/8	1	166							
17	17	24	24	1.0	0	0	Chord	3/8	1	1	1/4	1/4	1	167							
17	17	25	25	0.5	1/4	1/4	Chord	3/8	1	1	1/8	1/8	1	168							
17	17	24	24	0.5	0	0	Chord	3/8	2	1	1/8	1/8	1	169							
17	17	49/2	49/2	1.0	1/8	1/8	Chord	3/8	2	1	1/4	1/4	1	170							
17	17	24	24	0.5	0	0	Chord	3/8	3	1	1/8	1/8	1	171							
17	17	49/2	49/2	0.5	1/8	1/8	Chord	3/8	3	1	1/8	1/8	1	172							
17	17	25	25	0.5	1/4	1/4	Chord	3/8	3	1	1/8	1/8	1	173							
17	17	24	24	0.0	0	0	FiguredBass	3/8	4	1	0							1/8	5	4	
17	17	24	24	0.5	0	0	Chord	3/8	4	1	1/8	1/8	1	174							
17	17	49/2	49/2	0.0	1/8	1/8	FiguredBass	3/8	4	1	0							1/8	3		
17	17	49/2	49/2	0.5	1/8	1/8	Chord	3/8	4	1	1/8	1/8	1	175							
17	17	25	25	0.5	1/4	1/4	Chord	3/8	4	1	1/8	1/8	1	176							
18	18	51/2	51/2	1.0	0	0	Chord	3/8	1	1	1/4	1/4	1	177							
18	18	53/2	53/2	0.5	1/4	1/4	Chord	3/8	1	1	1/8	1/8	1	178							
18	18	51/2	51/2	1.5	0	0	Chord	3/8	2	1	3/8	1/4	3/2	179							
18	18	51/2	51/2	0.5	0	0	Chord	3/8	3	1	1/8	1/8	1	180							
18	18	26	26	0.25	1/8	1/8	Chord	3/8	3	1	1/16	1/16	1	181							
18	18	105/4	105/4	0.25	3/16	3/16	Chord	3/8	3	1	1/16	1/16	1	182							
18	18	53/2	53/2	0.5	1/4	1/4	Chord	3/8	3	1	1/8	1/8	1	183							
18	18	51/2	51/2	0.0	0	0	FiguredBass	3/8	4	1	0							1/8	4+	2	
18	18	51/2	51/2	0.5	0	0	Chord	3/8	4	1	1/8	1/8	1	184							
18	18	26	26	0.25	1/8	1/8	Chord	3/8	4	1	1/16	1/16	1	185							
18	18	105/4	105/4	0.25	3/16	3/16	Chord	3/8	4	1	1/16	1/16	1	186							
18	18	53/2	53/2	0.0	1/4	1/4	FiguredBass	3/8	4	1	0							1/8	6	5	
18	18	53/2	53/2	0.5	1/4	1/4	Chord	3/8	4	1	1/8	1/8	1	187							
19	19	27	27	1.0	0	0	Chord	3/8	1	1	1/4	1/4	1	188							
19	19	28	28	0.5	1/4	1/4	Chord	3/8	1	1	1/8	1/8	1	189							
19	19	27	27	0.5	0	0	Chord	3/8	2	1	1/8	1/8	1	190							
19	19	55/2	55/2	1.0	1/8	1/8	Chord	3/8	2	1	1/4	1/4	1	191							
19	19	27	27	0.5	0	0	Chord	3/8	3	1	1/8	1/8	1	192							
19	19	55/2	55/2	0.5	1/8	1/8	Chord	3/8	3	1	1/8	1/8	1	193							
19	19	28	28	0.5	1/4	1/4	Chord	3/8	3	1	1/8	1/8	1	194							
19	19	27	27	0.0	0	0	FiguredBass	3/8	4	1	0							1/8	5	4	
19	19	27	27	0.5	0	0	Chord	3/8	4	1	1/8	1/8	1	195							
19	19	55/2	55/2	0.0	1/8	1/8	FiguredBass	3/8	4	1	0							1/8	3		
19	19	55/2	55/2	0.5	1/8	1/8	Chord	3/8	4	1	1/8	1/8	1	196							
19	19	28	28	0.5	1/4	1/4	Chord	3/8	4	1	1/8	1/8	1	197							
20	20	57/2	57/2	1.5	0	0	Chord	3/8	1	1	3/8	1/4	3/2	198							
20	20	57/2	57/2	0.5	0	0	Chord	3/8	2	1	1/8	1/8	1	199							
20	20	29	29	1.0	1/8	1/8	Chord	3/8	2	1	1/4	1/4	1	200							
20	20	57/2	57/2	0.5	0	0	Chord	3/8	3	1	1/8	1/8	1	201							
20	20	29	29	0.5	1/8	1/8	Chord	3/8	3	1	1/8	1/8	1	202							
20	20	59/2	59/2	0.5	1/4	1/4	Chord	3/8	3	1	1/8	1/8	1	203							
20	20	57/2	57/2	0.0	0	0	FiguredBass	3/8	4	1	0							1/8	7		
20	20	57/2	57/2	0.5	0	0	Chord	3/8	4	1	1/8	1/8	1	204							
20	20	29	29	0.0	1/8	1/8	FiguredBass	3/8	4	1	0							1/8	7		
20	20	29	29	0.5	1/8	1/8	Chord	3/8	4	1	1/8	1/8	1	205							
20	20	59/2	59/2	0.5	1/4	1/4	Chord	3/8	4	1	1/8	1/8	1	206							
21	21	30	30	1.5	0	0	Chord	3/8	1	1	3/8	1/4	3/2	207							
21	21	30	30	0.5	0	0	Chord	3/8	2	1	1/8	1/8	1	208							
21	21	61/2	61/2	0.5	1/8	1/8	Chord	3/8	2	1	1/8	1/8	1	209							
21	21	31	31	0.5	1/4	1/4	Chord	3/8	2	1	1/8	1/8	1	210							
21	21	30	30	1.0	0	0	Chord	3/8	3	1	1/4	1/4	1	211							
21	21	31	31	0.5	1/4	1/4	Chord	3/8	3	1	1/8	1/8	1	212							
21	21	30	30	0.0	0	0	FiguredBass	3/8	4	1	0							1/8	7		
21	21	30	30	1.0	0	0	Chord	3/8	4	1	1/4	1/4	1	213							
21	21	61/2	61/2	0.0	1/8	1/8	FiguredBass	3/8	4	1	0							1/8	6		
21	21	31	31	0.0	1/4	1/4	FiguredBass	3/8	4	1	0							1/8	7		
21	21	31	31	0.5	1/4	1/4	Chord	3/8	4	1	1/8	1/8	1	214							
22	22	63/2	63/2	1.5	0	0	Chord	3/8	1	1	3/8	1/4	3/2	215							
22	22	63/2	63/2	0.5	0	0	Chord	3/8	2	1	1/8	1/8	1	216							
22	22	32	32	0.5	1/8	1/8	Chord	3/8	2	1	1/8	1/8	1	217							
22	22	65/2	65/2	0.5	1/4	1/4	Chord	3/8	2	1	1/8	1/8	1	218							
22	22	63/2	63/2	1.0	0	0	Chord	3/8	3	1	1/4	1/4	1	219							
22	22	65/2	65/2	0.5	1/4	1/4	Chord	3/8	3	1	1/8	1/8	1	220							
22	22	63/2	63/2	0.0	0	0	FiguredBass	3/8	4	1	0							1/8	7		
22	22	63/2	63/2	1.0	0	0	Chord	3/8	4	1	1/4	1/4	1	221							
22	22	32	32	0.0	1/8	1/8	FiguredBass	3/8	4	1	0							1/8	6		
22	22	65/2	65/2	0.0	1/4	1/4	FiguredBass	3/8	4	1	0							1/8	7		
22	22	65/2	65/2	0.5	1/4	1/4	Chord	3/8	4	1	1/8	1/8	1	222							
23	23	33	33	1.5	0	0	Chord	3/8	1	1	3/8	1/4	3/2	223							
23	23	33	33	0.5	0	0	Chord	3/8	2	1	1/8	1/8	1	224							
23	23	67/2	67/2	0.5	1/8	1/8	Chord	3/8	2	1	1/8	1/8	1	225							
23	23	34	34	0.5	1/4	1/4	Chord	3/8	2	1	1/8	1/8	1	226							
23	23	33	33	1.0	0	0	Chord	3/8	3	1	1/4	1/4	1	227							
23	23	34	34	0.5	1/4	1/4	Chord	3/8	3	1	1/8	1/8	1	228							
23	23	33	33	0.0	0	0	FiguredBass	3/8	4	1	0							1/8	7		
23	23	33	33	1.0	0	0	Chord	3/8	4	1	1/4	1/4	1	229							
23	23	67/2	67/2	0.0	1/8	1/8	FiguredBass	3/8	4	1	0							1/8	6		
23	23	34	34	0.0	1/4	1/4	FiguredBass	3/8	4	1	0							1/8	7		
23	23	34	34	0.5	1/4	1/4	Chord	3/8	4	1	1/8	1/8	1	230							
24	24	69/2	69/2	0.5	0	0	Chord	3/8	1	1	1/8	1/8	1	231							
24	24	35	35	0.5	1/8	1/8	Chord	3/8	1	1	1/8	1/8	1	232							
24	24	71/2	71/2	0.5	1/4	1/4	Chord	3/8	1	1	1/8	1/8	1	233							
24	24	69/2	69/2	1.0	0	0	Chord	3/8	2	1	1/4	1/4	1	234							
24	24	71/2	71/2	0.5	1/4	1/4	Chord	3/8	2	1	1/8	1/8	1	235							
24	24	69/2	69/2	1.0	0	0	Chord	3/8	3	1	1/4	1/4	1	236							
24	24	71/2	71/2	0.5	1/4	1/4	Chord	3/8	3	1	1/8	1/8	1	237							
24	24	69/2	69/2	0.0	0	0	FiguredBass	3/8	4	1	0							1/4	7		
24	24	69/2	69/2	1.0	0	0	Chord	3/8	4	1	1/4	1/4	1	238							
24	24	71/2	71/2	0.0	1/4	1/4	FiguredBass	3/8	4	1	0							1/8	5		
24	24	71/2	71/2	0.5	1/4	1/4	Chord	3/8	4	1	1/8	1/8	1	239							
25	25	36	36	0.5	0	0	Chord	3/8	1	1	1/8	1/8	1	240							
25	25	73/2	73/2	0.75	1/8	1/8	Chord	3/8	1	1	3/16	1/8	3/2	241							
25	25	149/4	149/4	0.25	5/16	5/16	Chord	3/8	1	1	1/16	1/16	1	242							
25	25	36	36	0.5	0	0	Chord	3/8	2	1	1/8	1/8	1	243							
25	25	73/2	73/2	1.0	1/8	1/8	Chord	3/8	2	1	1/4	1/4	1	244							
25	25	36	36	0.5	0	0	Chord	3/8	3	1	1/8	1/8	1	245							
25	25	73/2	73/2	1.0	1/8	1/8	Chord	3/8	3	1	1/4	1/4	1	246							
25	25	36	36	0.0	0	0	FiguredBass	3/8	4	1	0							1/8	7	5	
25	25	36	36	0.5	0	0	Chord	3/8	4	1	1/8	1/8	1	247							
25	25	73/2	73/2	0.0	1/8	1/8	FiguredBass	3/8	4	1	0							1/8	5	4	
25	25	73/2	73/2	1.0	1/8	1/8	Chord	3/8	4	1	1/4	1/4	1	248							
25	25	37	37	0.0	1/4	1/4	FiguredBass	3/8	4	1	0							1/8	3		
26	26	75/2	75/2	0.5	0	0	Chord	3/8	1	1	1/8	1/8	1	249							
26	26	38	38	0.75	1/8	1/8	Chord	3/8	1	1	3/16	1/8	3/2	250							
26	26	155/4	155/4	0.25	5/16	5/16	Chord	3/8	1	1	1/16	1/16	1	251							
26	26	75/2	75/2	1.0	0	0	Chord	3/8	2	1	1/4	1/4	1	252							
26	26	75/2	75/2	0.5	0	0	Chord	3/8	3	1	1/8	1/8	1	253							
26	26	38	38	1.0	1/8	1/8	Chord	3/8	3	1	1/4	1/4	1	254							
26	26	75/2	75/2	0.5	0	0	Chord	3/8	4	1	1/8	1/8	1	255							
26	26	38	38	1.0	1/8	1/8	Chord	3/8	4	1	1/4	1/4	1	256							
27	27	39	39	0.5	0	0	Chord	3/8	1	1	1/8	1/8	1	257							
27	27	79/2	79/2	0.25	1/8	1/8	Chord	3/8	1	1	1/16	1/16	1	258							20
27	27	159/4	159/4	0.25	3/16	3/16	Chord	3/8	1	1	1/16	1/16	1	259							20
27	27	40	40	0.25	1/4	1/4	Chord	3/8	1	1	1/16	1/16	1	260							20
27	27	161/4	161/4	0.25	5/16	5/16	Chord	3/8	1	1	1/16	1/16	1	261							
27	27	79/2	79/2	0.75	1/8	1/8	Chord	3/8	2	1	3/16	1/8	3/2	262							
27	27	161/4	161/4	0.25	5/16	5/16	Chord	3/8	2	1	1/16	1/16	1	263							
27	27	39	39	0.5	0	0	Chord	3/8	3	1	1/8	1/8	1	264							
27	27	79/2	79/2	1.0	1/8	1/8	Chord	3/8	3	1	1/4	1/4	1	265							
27	27	39	39	0.0	0	0	FiguredBass	3/8	4	1	0							1/8	6		
27	27	39	39	0.5	0	0	Chord	3/8	4	1	1/8	1/8	1	266							
27	27	79/2	79/2	0.0	1/8	1/8	FiguredBass	3/8	4	1	0							1/4	6	5	
27	27	79/2	79/2	1.0	1/8	1/8	Chord	3/8	4	1	1/4	1/4	1	267							
28	28	81/2	81/2	0.75	0	0	Chord	3/8	1	1	3/16	1/8	3/2	268							
28	28	165/4	165/4	0.25	3/16	3/16	Chord	3/8	1	1	1/16	1/16	1	269							
28	28	83/2	83/2	0.5	1/4	1/4	Chord	3/8	1	1	1/8	1/8	1	270							
28	28	81/2	81/2	0.75	0	0	Chord	3/8	2	1	3/16	1/8	3/2	271							
28	28	165/4	165/4	0.25	3/16	3/16	Chord	3/8	2	1	1/16	1/16	1	272							
28	28	83/2	83/2	0.5	1/4	1/4	Chord	3/8	2	1	1/8	1/8	1	273							
28	28	81/2	81/2	0.75	0	0	Chord	3/8	3	1	3/16	1/8	3/2	274							
28	28	165/4	165/4	0.25	3/16	3/16	Chord	3/8	3	1	1/16	1/16	1	275							
28	28	83/2	83/2	0.5	1/4	1/4	Chord	3/8	3	1	1/8	1/8	1	276							
28	28	81/2	81/2	0.75	0	0	Chord	3/8	4	1	3/16	1/8	3/2	277							
28	28	165/4	165/4	0.25	3/16	3/16	Chord	3/8	4	1	1/16	1/16	1	278							
28	28	83/2	83/2	0.0	1/4	1/4	FiguredBass	3/8	4	1	0							1/8	6	4+	
28	28	83/2	83/2	0.5	1/4	1/4	Chord	3/8	4	1	1/8	1/8	1	279							
29	29	42	42	0.5	0	0	Chord	3/8	1	1	1/8	1/8	1	280							
29	29	85/2	85/2	0.75	1/8	1/8	Chord	3/8	1	1	3/16	1/8	3/2	281							
29	29	173/4	173/4	0.25	5/16	5/16	Chord	3/8	1	1	1/16	1/16	1	282							
29	29	42	42	0.5	0	0	Chord	3/8	2	1	1/8	1/8	1	283							
29	29	85/2	85/2	1.0	1/8	1/8	Chord	3/8	2	1	1/4	1/4	1	284							
29	29	42	42	0.5	0	0	Chord	3/8	3	1	1/8	1/8	1	285							
29	29	85/2	85/2	1.0	1/8	1/8	Chord	3/8	3	1	1/4	1/4	1	286							
29	29	42	42	0.0	0	0	FiguredBass	3/8	4	1	0							1/8	7	5	
29	29	42	42	0.5	0	0	Chord	3/8	4	1	1/8	1/8	1	287							
29	29	85/2	85/2	0.0	1/8	1/8	FiguredBass	3/8	4	1	0							1/8	5	4	
29	29	85/2	85/2	1.0	1/8	1/8	Chord	3/8	4	1	1/4	1/4	1	288							
29	29	43	43	0.0	1/4	1/4	FiguredBass	3/8	4	1	0							1/8	#		
30	30	87/2	87/2	0.5	0	0	Chord	3/8	1	1	1/8	1/8	1	289							
30	30	44	44	0.25	1/8	1/8	Chord	3/8	1	1	1/16	1/16	1	290							21
30	30	177/4	177/4	0.25	3/16	3/16	Chord	3/8	1	1	1/16	1/16	1	291							21
30	30	89/2	89/2	0.25	1/4	1/4	Chord	3/8	1	1	1/16	1/16	1	292							21
30	30	179/4	179/4	0.25	5/16	5/16	Chord	3/8	1	1	1/16	1/16	1	293							
30	30	87/2	87/2	1.0	0	0	Chord	3/8	2	1	1/4	1/4	1	294							
30	30	87/2	87/2	0.5	0	0	Chord	3/8	3	1	1/8	1/8	1	295							
30	30	44	44	1.0	1/8	1/8	Chord	3/8	3	1	1/4	1/4	1	296							
30	30	87/2	87/2	0.5	0	0	Chord	3/8	4	1	1/8	1/8	1	297							
30	30	44	44	0.0	1/8	1/8	FiguredBass	3/8	4	1	0							1/4	6		
30	30	44	44	1.0	1/8	1/8	Chord	3/8	4	1	1/4	1/4	1	298							
31	31	45	45	0.5	0	0	Chord	3/8	1	1	1/8	1/8	1	299							
31	31	91/2	91/2	1.0	1/8	1/8	Chord	3/8	1	1	1/4	1/4	1	300							
31	31	91/2	91/2	0.25	1/8	1/8	Chord	3/8	2	1	1/16	1/16	1	301							22
31	31	183/4	183/4	0.25	3/16	3/16	Chord	3/8	2	1	1/16	1/16	1	302							22
31	31	46	46	0.25	1/4	1/4	Chord	3/8	2	1	1/16	1/16	1	303							22
31	31	185/4	185/4	0.25	5/16	5/16	Chord	3/8	2	1	1/16	1/16	1	304							
31	31	45	45	0.5	0	0	Chord	3/8	3	1	1/8	1/8	1	305							
31	31	91/2	91/2	1.0	1/8	1/8	Chord	3/8	3	1	1/4	1/4	1	306							
31	31	45	45	0.5	0	0	Chord	3/8	4	1	1/8	1/8	1	307							
31	31	91/2	91/2	0.0	1/8	1/8	FiguredBass	3/8	4	1	0							1/4	#		
31	31	91/2	91/2	1.0	1/8	1/8	Chord	3/8	4	1	1/4	1/4	1	308							
32	32	47	47	0.25	1/8	1/8	Chord	3/8	1	1	1/16	1/16	1	309							23
32	32	189/4	189/4	0.25	3/16	3/16	Chord	3/8	1	1	1/16	1/16	1	310							23
32	32	95/2	95/2	0.25	1/4	1/4	Chord	3/8	1	1	1/16	1/16	1	311							23
32	32	191/4	191/4	0.25	5/16	5/16	Chord	3/8	1	1	1/16	1/16	1	312							
32	32	93/2	93/2	0.5	0	0	Chord	3/8	2	1	1/8	1/8	1	313							
32	32	47	47	1.0	1/8	1/8	Chord	3/8	2	1	1/4	1/4	1	314							
32	32	93/2	93/2	0.5	0	0	Chord	3/8	3	1	1/8	1/8	1	315							
32	32	47	47	1.0	1/8	1/8	Chord	3/8	3	1	1/4	1/4	1	316							
32	32	93/2	93/2	0.5	0	0	Chord	3/8	4	1	1/8	1/8	1	317							
32	32	47	47	0.0	1/8	1/8	FiguredBass	3/8	4	1	0							1/4	6		
32	32	47	47	1.0	1/8	1/8	Chord	3/8	4	1	1/4	1/4	1	318							
33	33	48	48	1.5	0	0	Chord	3/8	1	1	3/8	1/4	3/2	319							
33	33	48	48	0.5	0	0	Chord	3/8	2	1	1/8	1/8	1	320							
33	33	97/2	97/2	0.25	1/8	1/8	Chord	3/8	2	1	1/16	1/16	1	321							24
33	33	195/4	195/4	0.25	3/16	3/16	Chord	3/8	2	1	1/16	1/16	1	322							24
33	33	49	49	0.25	1/4	1/4	Chord	3/8	2	1	1/16	1/16	1	323							24
33	33	197/4	197/4	0.25	5/16	5/16	Chord	3/8	2	1	1/16	1/16	1	324							
33	33	48	48	1.0	0	0	Chord	3/8	3	1	1/4	1/4	1	325							
33	33	49	49	0.5	1/4	1/4	Chord	3/8	3	1	1/8	1/8	1	326							
33	33	48	48	0.0	0	0	FiguredBass	3/8	4	1	0							1/8	9		
33	33	48	48	1.0	0	0	Chord	3/8	4	1	1/4	1/4	1	327							
33	33	97/2	97/2	0.0	1/8	1/8	FiguredBass	3/8	4	1	0							1/8	8		
33	33	49	49	0.0	1/4	1/4	FiguredBass	3/8	4	1	0							1/8	6		
33	33	49	49	0.5	1/4	1/4	Chord	3/8	4	1	1/8	1/8	1	328							
34	34	99/2	99/2	0.5	0	0	Chord	3/8	1	1	1/8	1/8	1	329							
34	34	50	50	0.25	1/8	1/8	Chord	3/8	1	1	1/16	1/16	1	330							25
34	34	201/4	201/4	0.25	3/16	3/16	Chord	3/8	1	1	1/16	1/16	1	331							25
34	34	101/2	101/2	0.25	1/4	1/4	Chord	3/8	1	1	1/16	1/16	1	332							25
34	34	203/4	203/4	0.25	5/16	5/16	Chord	3/8	1	1	1/16	1/16	1	333							
34	34	99/2	99/2	0.5	0	0	Chord	3/8	2	1	1/8	1/8	1	334							
34	34	50	50	1.0	1/8	1/8	Chord	3/8	2	1	1/4	1/4	1	335							
34	34	99/2	99/2	1.0	0	0	Chord	3/8	3	1	1/4	1/4	1	336							
34	34	101/2	101/2	0.5	1/4	1/4	Chord	3/8	3	1	1/8	1/8	1	337							
34	34	99/2	99/2	0.0	0	0	FiguredBass	3/8	4	1	0							1/8	9	#	
34	34	99/2	99/2	1.0	0	0	Chord	3/8	4	1	1/4	1/4	1	338							
34	34	50	50	0.0	1/8	1/8	FiguredBass	3/8	4	1	0							1/8	8		
34	34	101/2	101/2	0.5	1/4	1/4	Chord	3/8	4	1	1/8	1/8	1	339							
35	35	51	51	1.0	0	0	Chord	3/8	1	1	1/4	1/4	1	340							
35	35	52	52	0.5	1/4	1/4	Chord	3/8	1	1	1/8	1/8	1	341							
35	35	51	51	0.5	0	0	Chord	3/8	2	1	1/8	1/8	1	342							
35	35	103/2	103/2	0.5	1/8	1/8	Chord	3/8	2	1	1/8	1/8	1	343							
35	35	52	52	0.5	1/4	1/4	Chord	3/8	2	1	1/8	1/8	1	344							
35	35	51	51	1.0	0	0	Chord	3/8	3	1	1/4	1/4	1	345							
35	35	52	52	0.5	1/4	1/4	Chord	3/8	3	1	1/8	1/8	1	346							
35	35	51	51	0.0	0	0	FiguredBass	3/8	4	1	0							1/8	9		
35	35	51	51	1.0	0	0	Chord	3/8	4	1	1/4	1/4	1	347							
35	35	103/2	103/2	0.0	1/8	1/8	FiguredBass	3/8	4	1	0							1/8	8		
35	35	52	52	0.5	1/4	1/4	Chord	3/8	4	1	1/8	1/8	1	348							
36	36	105/2	105/2	1.0	0	0	Chord	3/8	1	1	1/4	1/4	1	349							
36	36	107/2	107/2	0.5	1/4	1/4	Chord	3/8	1	1	1/8	1/8	1	350							
36	36	105/2	105/2	0.5	0	0	Chord	3/8	2	1	1/8	1/8	1	351							
36	36	53	53	1.0	1/8	1/8	Chord	3/8	2	1	1/4	1/4	1	352							
36	36	105/2	105/2	1.0	0	0	Chord	3/8	3	1	1/4	1/4	1	353							
36	36	107/2	107/2	0.5	1/4	1/4	Chord	3/8	3	1	1/8	1/8	1	354							
36	36	105/2	105/2	0.0	0	0	FiguredBass	3/8	4	1	0							1/8	7	#	
36	36	105/2	105/2	1.0	0	0	Chord	3/8	4	1	1/4	1/4	1	355							
36	36	53	53	0.0	1/8	1/8	FiguredBass	3/8	4	1	0							1/8	6		
36	36	107/2	107/2	0.0	1/4	1/4	FiguredBass	3/8	4	1	0							1/8	7	5	
36	36	107/2	107/2	0.5	1/4	1/4	Chord	3/8	4	1	1/8	1/8	1	356							
37	37	54	54	0.5	0	0	Chord	3/8	1	1	1/8	1/8	1	357							
37	37	109/2	109/2	0.75	1/8	1/8	Chord	3/8	1	1	3/16	1/8	3/2	358							
37	37	221/4	221/4	0.25	5/16	5/16	Chord	3/8	1	1	1/16	1/16	1	359							
37	37	54	54	0.5	0	0	Chord	3/8	2	1	1/8	1/8	1	360							
37	37	109/2	109/2	1.0	1/8	1/8	Chord	3/8	2	1	1/4	1/4	1	361							
37	37	54	54	0.5	0	0	Chord	3/8	3	1	1/8	1/8	1	362							
37	37	109/2	109/2	1.0	1/8	1/8	Chord	3/8	3	1	1/4	1/4	1	363							
37	37	54	54	0.0	0	0	FiguredBass	3/8	4	1	0							1/8	6\	5	
37	37	54	54	0.5	0	0	Chord	3/8	4	1	1/8	1/8	1	364							
37	37	109/2	109/2	0.0	1/8	1/8	FiguredBass	3/8	4	1	0							1/8	5\	4	
37	37	109/2	109/2	1.0	1/8	1/8	Chord	3/8	4	1	1/4	1/4	1	365							
37	37	55	55	0.0	1/4	1/4	FiguredBass	3/8	4	1	0							1/8	#		
38	38	111/2	111/2	0.5	0	0	Chord	3/8	1	1	1/8	1/8	1	366							
38	38	56	56	0.25	1/8	1/8	Chord	3/8	1	1	1/16	1/16	1	367							26
38	38	225/4	225/4	0.25	3/16	3/16	Chord	3/8	1	1	1/16	1/16	1	368							
38	38	113/2	113/2	0.5	1/4	1/4	Chord	3/8	1	1	1/8	1/8	1	369							
38	38	111/2	111/2	1.0	0	0	Chord	3/8	2	1	1/4	1/4	1	370							
38	38	111/2	111/2	1.0	0	0	Chord	3/8	3	1	1/4	1/4	1	371							
38	38	113/2	113/2	0.5	1/4	1/4	Chord	3/8	3	1	1/8	1/8	1	372							
38	38	111/2	111/2	1.0	0	0	Chord	3/8	4	1	1/4	1/4	1	373							
38	38	113/2	113/2	0.5	1/4	1/4	Chord	3/8	4	1	1/8	1/8	1	374							
39	39	57	57	0.5	0	0	Chord	3/8	1	1	1/8	1/8	1	375							
39	39	115/2	115/2	0.25	1/8	1/8	Chord	3/8	1	1	1/16	1/16	1	376							27
39	39	231/4	231/4	0.25	3/16	3/16	Chord	3/8	1	1	1/16	1/16	1	377							27
39	39	58	58	0.25	1/4	1/4	Chord	3/8	1	1	1/16	1/16	1	378							27
39	39	233/4	233/4	0.25	5/16	5/16	Chord	3/8	1	1	1/16	1/16	1	379							
39	39	57	57	1.5	0	0	Chord	3/8	2	1	3/8	1/4	3/2	380							
39	39	57	57	0.5	0	0	Chord	3/8	3	1	1/8	1/8	1	381							
39	39	115/2	115/2	0.5	1/8	1/8	Chord	3/8	3	1	1/8	1/8	1	382							
39	39	57	57	0.0	0	0	FiguredBass	3/8	4	1	0							1/8	6	5	
39	39	57	57	0.5	0	0	Chord	3/8	4	1	1/8	1/8	1	383							
39	39	115/2	115/2	0.5	1/8	1/8	Chord	3/8	4	1	1/8	1/8	1	384							
40	40	117/2	117/2	0.5	0	0	Chord	3/8	1	1	1/8	1/8	1	385							
40	40	59	59	0.25	1/8	1/8	Chord	3/8	1	1	1/16	1/16	1	386							28
40	40	237/4	237/4	0.25	3/16	3/16	Chord	3/8	1	1	1/16	1/16	1	387							
40	40	119/2	119/2	0.5	1/4	1/4	Chord	3/8	1	1	1/8	1/8	1	388							
40	40	117/2	117/2	1.5	0	0	Chord	3/8	2	1	3/8	1/4	3/2	389							
40	40	117/2	117/2	0.5	0	0	Chord	3/8	3	1	1/8	1/8	1	390							
40	40	59	59	0.5	1/8	1/8	Chord	3/8	3	1	1/8	1/8	1	391							
40	40	117/2	117/2	0.0	0	0	FiguredBass	3/8	4	1	0							1/8	b		
40	40	117/2	117/2	0.5	0	0	Chord	3/8	4	1	1/8	1/8	1	392							
40	40	59	59	0.5	1/8	1/8	Chord	3/8	4	1	1/8	1/8	1	393							
41	41	60	60	0.5	0	0	Chord	3/8	1	1	1/8	1/8	1	394							
41	41	121/2	121/2	0.25	1/8	1/8	Chord	3/8	1	1	1/16	1/16	1	395							29
41	41	243/4	243/4	0.25	3/16	3/16	Chord	3/8	1	1	1/16	1/16	1	396							29
41	41	61	61	0.25	1/4	1/4	Chord	3/8	1	1	1/16	1/16	1	397							29
41	41	245/4	245/4	0.25	5/16	5/16	Chord	3/8	1	1	1/16	1/16	1	398							
41	41	60	60	1.5	0	0	Chord	3/8	2	1	3/8	1/4	3/2	399							
41	41	60	60	0.5	0	0	Chord	3/8	3	1	1/8	1/8	1	400							
41	41	121/2	121/2	0.5	1/8	1/8	Chord	3/8	3	1	1/8	1/8	1	401							
41	41	60	60	0.0	0	0	FiguredBass	3/8	4	1	0							1/8	6	5	
41	41	60	60	0.5	0	0	Chord	3/8	4	1	1/8	1/8	1	402							
41	41	121/2	121/2	0.5	1/8	1/8	Chord	3/8	4	1	1/8	1/8	1	403							
42	42	123/2	123/2	0.5	0	0	Chord	3/8	1	1	1/8	1/8	1	404							
42	42	62	62	0.25	1/8	1/8	Chord	3/8	1	1	1/16	1/16	1	405							30
42	42	249/4	249/4	0.25	3/16	3/16	Chord	3/8	1	1	1/16	1/16	1	406							
42	42	125/2	125/2	0.5	1/4	1/4	Chord	3/8	1	1	1/8	1/8	1	407							
42	42	123/2	123/2	1.5	0	0	Chord	3/8	2	1	3/8	1/4	3/2	408							
42	42	123/2	123/2	0.5	0	0	Chord	3/8	3	1	1/8	1/8	1	409							
42	42	62	62	0.5	1/8	1/8	Chord	3/8	3	1	1/8	1/8	1	410							
42	42	123/2	123/2	0.5	0	0	Chord	3/8	4	1	1/8	1/8	1	411							
42	42	62	62	0.5	1/8	1/8	Chord	3/8	4	1	1/8	1/8	1	412							
43	43	63	63	0.5	0	0	Chord	3/8	1	1	1/8	1/8	1	413							
43	43	127/2	127/2	0.25	1/8	1/8	Chord	3/8	1	1	1/16	1/16	1	414							31
43	43	255/4	255/4	0.25	3/16	3/16	Chord	3/8	1	1	1/16	1/16	1	415							31
43	43	64	64	0.25	1/4	1/4	Chord	3/8	1	1	1/16	1/16	1	416							31
43	43	257/4	257/4	0.25	5/16	5/16	Chord	3/8	1	1	1/16	1/16	1	417							
43	43	63	63	1.5	0	0	Chord	3/8	2	1	3/8	1/4	3/2	418							
43	43	63	63	0.5	0	0	Chord	3/8	3	1	1/8	1/8	1	419							
43	43	127/2	127/2	0.5	1/8	1/8	Chord	3/8	3	1	1/8	1/8	1	420							
43	43	63	63	0.0	0	0	FiguredBass	3/8	4	1	0							1/8	6		
43	43	63	63	0.5	0	0	Chord	3/8	4	1	1/8	1/8	1	421							
43	43	127/2	127/2	0.5	1/8	1/8	Chord	3/8	4	1	1/8	1/8	1	422							
44	44	129/2	129/2	0.5	0	0	Chord	3/8	1	1	1/8	1/8	1	423							
44	44	65	65	0.25	1/8	1/8	Chord	3/8	1	1	1/16	1/16	1	424							32
44	44	261/4	261/4	0.25	3/16	3/16	Chord	3/8	1	1	1/16	1/16	1	425							
44	44	131/2	131/2	0.5	1/4	1/4	Chord	3/8	1	1	1/8	1/8	1	426							
44	44	129/2	129/2	1.5	0	0	Chord	3/8	2	1	3/8	1/4	3/2	427							
44	44	129/2	129/2	0.5	0	0	Chord	3/8	3	1	1/8	1/8	1	428							
44	44	65	65	0.5	1/8	1/8	Chord	3/8	3	1	1/8	1/8	1	429							
44	44	129/2	129/2	0.5	0	0	Chord	3/8	4	1	1/8	1/8	1	430							
44	44	65	65	0.5	1/8	1/8	Chord	3/8	4	1	1/8	1/8	1	431							
45	45	66	66	0.5	0	0	Chord	3/8	1	1	1/8	1/8	1	432							
45	45	133/2	133/2	0.25	1/8	1/8	Chord	3/8	1	1	1/16	1/16	1	433							33
45	45	267/4	267/4	0.25	3/16	3/16	Chord	3/8	1	1	1/16	1/16	1	434							33
45	45	67	67	0.25	1/4	1/4	Chord	3/8	1	1	1/16	1/16	1	435							33
45	45	269/4	269/4	0.25	5/16	5/16	Chord	3/8	1	1	1/16	1/16	1	436							
45	45	66	66	1.5	0	0	Chord	3/8	2	1	3/8	1/4	3/2	437							
45	45	66	66	1.5	0	0	Chord	3/8	3	1	3/8	1/4	3/2	438							
45	45	66	66	0.0	0	0	FiguredBass	3/8	4	1	0							1/4	7		
45	45	66	66	1.5	0	0	Chord	3/8	4	1	3/8	1/4	3/2	439							
45	45	67	67	0.0	1/4	1/4	FiguredBass	3/8	4	1	0							1/8	6		
46	46	135/2	135/2	0.5	0	0	Chord	3/8	1	1	1/8	1/8	1	440							
46	46	68	68	0.25	1/8	1/8	Chord	3/8	1	1	1/16	1/16	1	441							34
46	46	273/4	273/4	0.25	3/16	3/16	Chord	3/8	1	1	1/16	1/16	1	442							
46	46	137/2	137/2	0.5	1/4	1/4	Chord	3/8	1	1	1/8	1/8	1	443							
46	46	135/2	135/2	1.0	0	0	Chord	3/8	2	1	1/4	1/4	1	444							
46	46	137/2	137/2	0.5	1/4	1/4	Chord	3/8	2	1	1/8	1/8	1	445							
46	46	135/2	135/2	1.5	0	0	Chord	3/8	3	1	3/8	1/4	3/2	446							
46	46	135/2	135/2	0.0	0	0	FiguredBass	3/8	4	1	0							3/8	#		
46	46	135/2	135/2	1.5	0	0	Chord	3/8	4	1	3/8	1/4	3/2	447							
47	47	139/2	139/2	0.25	1/8	1/8	Chord	3/8	1	1	1/16	1/16	1	448							35
47	47	279/4	279/4	0.25	3/16	3/16	Chord	3/8	1	1	1/16	1/16	1	449							
47	47	70	70	0.5	1/4	1/4	Chord	3/8	1	1	1/8	1/8	1	450							
47	47	69	69	1.0	0	0	Chord	3/8	2	1	1/4	1/4	1	451							
47	47	70	70	0.5	1/4	1/4	Chord	3/8	2	1	1/8	1/8	1	452							
47	47	69	69	0.5	0	0	Chord	3/8	3	1	1/8	1/8	1	453							
47	47	139/2	139/2	0.5	1/8	1/8	Chord	3/8	3	1	1/8	1/8	1	454							
47	47	69	69	0.0	0	0	FiguredBass	3/8	4	1	0							1/8	6		
47	47	69	69	0.5	0	0	Chord	3/8	4	1	1/8	1/8	1	455							
47	47	139/2	139/2	0.5	1/8	1/8	Chord	3/8	4	1	1/8	1/8	1	456							
48	48	71	71	0.25	1/8	1/8	Chord	3/8	1	1	1/16	1/16	1	457							36
48	48	285/4	285/4	0.25	3/16	3/16	Chord	3/8	1	1	1/16	1/16	1	458							
48	48	143/2	143/2	0.5	1/4	1/4	Chord	3/8	1	1	1/8	1/8	1	459							
48	48	141/2	141/2	1.0	0	0	Chord	3/8	2	1	1/4	1/4	1	460							
48	48	143/2	143/2	0.5	1/4	1/4	Chord	3/8	2	1	1/8	1/8	1	461							
48	48	141/2	141/2	0.5	0	0	Chord	3/8	3	1	1/8	1/8	1	462							
48	48	71	71	0.5	1/8	1/8	Chord	3/8	3	1	1/8	1/8	1	463							
48	48	141/2	141/2	0.0	0	0	FiguredBass	3/8	4	1	0							1/8	6		
48	48	141/2	141/2	0.5	0	0	Chord	3/8	4	1	1/8	1/8	1	464							
48	48	71	71	0.5	1/8	1/8	Chord	3/8	4	1	1/8	1/8	1	465							
49	49	145/2	145/2	0.25	1/8	1/8	Chord	3/8	1	1	1/16	1/16	1	466							37
49	49	291/4	291/4	0.25	3/16	3/16	Chord	3/8	1	1	1/16	1/16	1	467							
49	49	73	73	0.5	1/4	1/4	Chord	3/8	1	1	1/8	1/8	1	468							
49	49	72	72	1.0	0	0	Chord	3/8	2	1	1/4	1/4	1	469							
49	49	73	73	0.5	1/4	1/4	Chord	3/8	2	1	1/8	1/8	1	470							
49	49	72	72	0.5	0	0	Chord	3/8	3	1	1/8	1/8	1	471							
49	49	145/2	145/2	0.5	1/8	1/8	Chord	3/8	3	1	1/8	1/8	1	472							
49	49	72	72	0.0	0	0	FiguredBass	3/8	4	1	0							1/8	6		
49	49	72	72	0.5	0	0	Chord	3/8	4	1	1/8	1/8	1	473							
49	49	145/2	145/2	0.5	1/8	1/8	Chord	3/8	4	1	1/8	1/8	1	474							
50	50	74	74	0.25	1/8	1/8	Chord	3/8	1	1	1/16	1/16	1	475							38
50	50	297/4	297/4	0.25	3/16	3/16	Chord	3/8	1	1	1/16	1/16	1	476							38
50	50	149/2	149/2	0.25	1/4	1/4	Chord	3/8	1	1	1/16	1/16	1	477							38
50	50	299/4	299/4	0.25	5/16	5/16	Chord	3/8	1	1	1/16	1/16	1	478							
50	50	147/2	147/2	1.0	0	0	Chord	3/8	2	1	1/4	1/4	1	479							
50	50	149/2	149/2	0.5	1/4	1/4	Chord	3/8	2	1	1/8	1/8	1	480							
50	50	147/2	147/2	0.5	0	0	Chord	3/8	3	1	1/8	1/8	1	481							
50	50	74	74	0.5	1/8	1/8	Chord	3/8	3	1	1/8	1/8	1	482							
50	50	147/2	147/2	0.0	0	0	FiguredBass	3/8	4	1	0							1/8	6		
50	50	147/2	147/2	0.5	0	0	Chord	3/8	4	1	1/8	1/8	1	483							
50	50	74	74	0.5	1/8	1/8	Chord	3/8	4	1	1/8	1/8	1	484							
51	51	75	75	0.75	0	0	Chord	3/8	1	1	3/16	1/8	3/2	485							
51	51	303/4	303/4	0.25	3/16	3/16	Chord	3/8	1	1	1/16	1/16	1	486							
51	51	76	76	0.25	1/4	1/4	Chord	3/8	1	1	1/16	1/16	1	487							39
51	51	305/4	305/4	0.25	5/16	5/16	Chord	3/8	1	1	1/16	1/16	1	488							
51	51	75	75	0.75	0	0	Chord	3/8	2	1	3/16	1/8	3/2	489							
51	51	303/4	303/4	0.25	3/16	3/16	Chord	3/8	2	1	1/16	1/16	1	490							
51	51	76	76	0.5	1/4	1/4	Chord	3/8	2	1	1/8	1/8	1	491							
51	51	75	75	1.0	0	0	Chord	3/8	3	1	1/4	1/4	1	492							
51	51	76	76	0.5	1/4	1/4	Chord	3/8	3	1	1/8	1/8	1	493							
51	51	75	75	0.0	0	0	FiguredBass	3/8	4	1	0							1/4	#		
51	51	75	75	1.0	0	0	Chord	3/8	4	1	1/4	1/4	1	494							
51	51	76	76	0.0	1/4	1/4	FiguredBass	3/8	4	1	0							1/8	6		
51	51	76	76	0.5	1/4	1/4	Chord	3/8	4	1	1/8	1/8	1	495							
52	52	153/2	153/2	0.25	0	0	Chord	3/8	1	1	1/16	1/16	1	496							
52	52	307/4	307/4	0.25	1/16	1/16	Chord	3/8	1	1	1/16	1/16	1	497							
52	52	77	77	1.0	1/8	1/8	Chord	3/8	1	1	1/4	1/4	1	498							
52	52	153/2	153/2	0.25	0	0	Chord	3/8	2	1	1/16	1/16	1	499							40
52	52	307/4	307/4	0.25	1/16	1/16	Chord	3/8	2	1	1/16	1/16	1	500							
52	52	77	77	0.75	1/8	1/8	Chord	3/8	2	1	3/16	1/8	3/2	501							
52	52	311/4	311/4	0.25	5/16	5/16	Chord	3/8	2	1	1/16	1/16	1	502							
52	52	153/2	153/2	0.5	0	0	Chord	3/8	3	1	1/8	1/8	1	503							
52	52	77	77	0.5	1/8	1/8	Chord	3/8	3	1	1/8	1/8	1	504							
52	52	155/2	155/2	0.5	1/4	1/4	Chord	3/8	3	1	1/8	1/8	1	505							
52	52	153/2	153/2	0.0	0	0	FiguredBass	3/8	4	1	0							1/8	6	5	
52	52	153/2	153/2	0.5	0	0	Chord	3/8	4	1	1/8	1/8	1	506							
52	52	77	77	0.0	1/8	1/8	FiguredBass	3/8	4	1	0							1/8	4		
52	52	77	77	0.5	1/8	1/8	Chord	3/8	4	1	1/8	1/8	1	507							
52	52	155/2	155/2	0.0	1/4	1/4	FiguredBass	3/8	4	1	0							1/8	#		
52	52	155/2	155/2	0.5	1/4	1/4	Chord	3/8	4	1	1/8	1/8	1	508							
53	53	78	78	1.0	0	0	Chord	3/8	1	1	1/4	1/4	1	509							
53	53	79	79	0.5	1/4	1/4	Chord	3/8	1	1	1/8	1/8	1	510							
53	53	78	78	1.0	0	0	Chord	3/8	2	1	1/4	1/4	1	511							
53	53	79	79	0.5	1/4	1/4	Chord	3/8	2	1	1/8	1/8	1	512							
53	53	78	78	1.0	0	0	Chord	3/8	3	1	1/4	1/4	1	513							
53	53	79	79	0.5	1/4	1/4	Chord	3/8	3	1	1/8	1/8	1	514							
53	53	78	78	1.0	0	0	Chord	3/8	4	1	1/4	1/4	1	515							
53	53	79	79	0.0	1/4	1/4	FiguredBass	3/8	4	1	0							1/8	6		
53	53	79	79	0.5	1/4	1/4	Chord	3/8	4	1	1/8	1/8	1	516							
54	54	159/2	159/2	0.5	0	0	Chord	3/8	1	1	1/8	1/8	1	517							
54	54	80	80	0.75	1/8	1/8	Chord	3/8	1	1	3/16	1/8	3/2	518							
54	54	323/4	323/4	0.25	5/16	5/16	Chord	3/8	1	1	1/16	1/16	1	519							
54	54	159/2	159/2	0.5	0	0	Chord	3/8	2	1	1/8	1/8	1	520							
54	54	80	80	1.0	1/8	1/8	Chord	3/8	2	1	1/4	1/4	1	521							
54	54	159/2	159/2	0.5	0	0	Chord	3/8	3	1	1/8	1/8	1	522							
54	54	80	80	1.0	1/8	1/8	Chord	3/8	3	1	1/4	1/4	1	523							
54	54	159/2	159/2	0.5	0	0	Chord	3/8	4	1	1/8	1/8	1	524							
54	54	80	80	0.0	1/8	1/8	FiguredBass	3/8	4	1	0							1/4	6		
54	54	80	80	1.0	1/8	1/8	Chord	3/8	4	1	1/4	1/4	1	525							
55	55	81	81	1.5	0	0	Chord	3/8	1	1	3/8	1/4	3/2	526							
55	55	81	81	1.5	0	0	Chord	3/8	2	1	3/8	1/4	3/2	527							
55	55	81	81	1.5	0	0	Chord	3/8	3	1	3/8	1/4	3/2	528							
55	55	81	81	0.0	0	0	FiguredBass	3/8	4	1	0							3/8	#		
55	55	81	81	1.5	0	0	Chord	3/8	4	1	3/8	1/4	3/2	529							
