mc	mn	quarterbeats	quarterbeats_all_endings	duration_qb	mc_onset	mn_onset	event	timesig	staff	voice	duration	nominal_duration	scalar	chord_id	articulation	tempo	qpm	metronome_base	metronome_number	tempo_visible	thoroughbass_duration	thoroughbass_level_1	thoroughbass_level_2	slur
1	1	0	0	0.0	0	0	Tempo	12/8	1	1	0					ùÖü=132	132.0	ùÖü	132.0	0.0				
1	1	0	0	1.5	0	0	Chord	12/8	1	1	3/8	1/4	3/2	0										
1	1	5/2	5/2	0.5	5/8	5/8	Chord	12/8	1	1	1/8	1/8	1	1										
1	1	3	3	0.5	3/4	3/4	Chord	12/8	1	1	1/8	1/8	1	2										0
1	1	7/2	7/2	0.5	7/8	7/8	Chord	12/8	1	1	1/8	1/8	1	3										
1	1	4	4	0.5	1	1	Chord	12/8	1	1	1/8	1/8	1	4										
1	1	9/2	9/2	0.5	9/8	9/8	Chord	12/8	1	1	1/8	1/8	1	5										1
1	1	5	5	0.5	5/4	5/4	Chord	12/8	1	1	1/8	1/8	1	6										
1	1	11/2	11/2	0.5	11/8	11/8	Chord	12/8	1	1	1/8	1/8	1	7										
1	1	0	0	1.5	0	0	Chord	12/8	2	1	3/8	1/4	3/2	8										
1	1	5/2	5/2	0.5	5/8	5/8	Chord	12/8	2	1	1/8	1/8	1	9										
1	1	3	3	0.5	3/4	3/4	Chord	12/8	2	1	1/8	1/8	1	10										2
1	1	7/2	7/2	0.5	7/8	7/8	Chord	12/8	2	1	1/8	1/8	1	11										
1	1	4	4	0.5	1	1	Chord	12/8	2	1	1/8	1/8	1	12										
1	1	9/2	9/2	0.5	9/8	9/8	Chord	12/8	2	1	1/8	1/8	1	13										3
1	1	5	5	0.5	5/4	5/4	Chord	12/8	2	1	1/8	1/8	1	14										
1	1	11/2	11/2	0.5	11/8	11/8	Chord	12/8	2	1	1/8	1/8	1	15										
1	1	0	0	1.0	0	0	Chord	12/8	3	1	1/4	1/4	1	16										
1	1	3/2	3/2	0.5	3/8	3/8	Chord	12/8	3	1	1/8	1/8	1	17										
1	1	2	2	1.0	1/2	1/2	Chord	12/8	3	1	1/4	1/4	1	18										
1	1	3	3	1.0	3/4	3/4	Chord	12/8	3	1	1/4	1/4	1	19										
1	1	0	0	1.0	0	0	Chord	12/8	4	1	1/4	1/4	1	20										
1	1	3/2	3/2	0.5	3/8	3/8	Chord	12/8	4	1	1/8	1/8	1	21										
1	1	2	2	1.0	1/2	1/2	Chord	12/8	4	1	1/4	1/4	1	22										
1	1	3	3	1.0	3/4	3/4	Chord	12/8	4	1	1/4	1/4	1	23										
2	2	6	6	1.5	0	0	Chord	12/8	1	1	3/8	1/4	3/2	24										
2	2	17/2	17/2	0.5	5/8	5/8	Chord	12/8	1	1	1/8	1/8	1	25										
2	2	9	9	0.5	3/4	3/4	Chord	12/8	1	1	1/8	1/8	1	26										4
2	2	19/2	19/2	0.5	7/8	7/8	Chord	12/8	1	1	1/8	1/8	1	27										
2	2	10	10	0.5	1	1	Chord	12/8	1	1	1/8	1/8	1	28										
2	2	21/2	21/2	0.5	9/8	9/8	Chord	12/8	1	1	1/8	1/8	1	29										5
2	2	11	11	0.5	5/4	5/4	Chord	12/8	1	1	1/8	1/8	1	30										
2	2	23/2	23/2	0.5	11/8	11/8	Chord	12/8	1	1	1/8	1/8	1	31										
2	2	6	6	1.5	0	0	Chord	12/8	2	1	3/8	1/4	3/2	32										
2	2	17/2	17/2	0.5	5/8	5/8	Chord	12/8	2	1	1/8	1/8	1	33										
2	2	9	9	0.5	3/4	3/4	Chord	12/8	2	1	1/8	1/8	1	34										6
2	2	19/2	19/2	0.5	7/8	7/8	Chord	12/8	2	1	1/8	1/8	1	35										
2	2	10	10	0.5	1	1	Chord	12/8	2	1	1/8	1/8	1	36										
2	2	21/2	21/2	0.5	9/8	9/8	Chord	12/8	2	1	1/8	1/8	1	37										7
2	2	11	11	0.5	5/4	5/4	Chord	12/8	2	1	1/8	1/8	1	38										
2	2	23/2	23/2	0.5	11/8	11/8	Chord	12/8	2	1	1/8	1/8	1	39										
2	2	6	6	1.0	0	0	Chord	12/8	3	1	1/4	1/4	1	40										
2	2	15/2	15/2	0.5	3/8	3/8	Chord	12/8	3	1	1/8	1/8	1	41										
2	2	8	8	1.0	1/2	1/2	Chord	12/8	3	1	1/4	1/4	1	42										
2	2	9	9	1.0	3/4	3/4	Chord	12/8	3	1	1/4	1/4	1	43										
2	2	6	6	0.0	0	0	FiguredBass	12/8	4	1	0										1/4	6\		
2	2	6	6	1.0	0	0	Chord	12/8	4	1	1/4	1/4	1	44										
2	2	15/2	15/2	0.5	3/8	3/8	Chord	12/8	4	1	1/8	1/8	1	45										
2	2	8	8	0.0	1/2	1/2	FiguredBass	12/8	4	1	0										1/4	6\		
2	2	8	8	1.0	1/2	1/2	Chord	12/8	4	1	1/4	1/4	1	46										
2	2	9	9	1.0	3/4	3/4	Chord	12/8	4	1	1/4	1/4	1	47										
3	3	12	12	1.5	0	0	Chord	12/8	1	1	3/8	1/4	3/2	48										
3	3	29/2	29/2	0.5	5/8	5/8	Chord	12/8	1	1	1/8	1/8	1	49										
3	3	15	15	0.5	3/4	3/4	Chord	12/8	1	1	1/8	1/8	1	50										8
3	3	31/2	31/2	0.5	7/8	7/8	Chord	12/8	1	1	1/8	1/8	1	51										
3	3	16	16	0.5	1	1	Chord	12/8	1	1	1/8	1/8	1	52										
3	3	33/2	33/2	0.5	9/8	9/8	Chord	12/8	1	1	1/8	1/8	1	53										9
3	3	17	17	0.5	5/4	5/4	Chord	12/8	1	1	1/8	1/8	1	54										
3	3	35/2	35/2	0.5	11/8	11/8	Chord	12/8	1	1	1/8	1/8	1	55										
3	3	12	12	1.5	0	0	Chord	12/8	2	1	3/8	1/4	3/2	56										
3	3	29/2	29/2	0.5	5/8	5/8	Chord	12/8	2	1	1/8	1/8	1	57										
3	3	15	15	0.5	3/4	3/4	Chord	12/8	2	1	1/8	1/8	1	58										10
3	3	31/2	31/2	0.5	7/8	7/8	Chord	12/8	2	1	1/8	1/8	1	59										
3	3	16	16	0.5	1	1	Chord	12/8	2	1	1/8	1/8	1	60										
3	3	33/2	33/2	0.5	9/8	9/8	Chord	12/8	2	1	1/8	1/8	1	61										11
3	3	17	17	0.5	5/4	5/4	Chord	12/8	2	1	1/8	1/8	1	62										
3	3	35/2	35/2	0.5	11/8	11/8	Chord	12/8	2	1	1/8	1/8	1	63										
3	3	12	12	1.5	0	0	Chord	12/8	3	1	3/8	1/4	3/2	64										
3	3	27/2	27/2	0.5	3/8	3/8	Chord	12/8	3	1	1/8	1/8	1	65										
3	3	14	14	1.0	1/2	1/2	Chord	12/8	3	1	1/4	1/4	1	66										
3	3	15	15	1.0	3/4	3/4	Chord	12/8	3	1	1/4	1/4	1	67										
3	3	12	12	0.0	0	0	FiguredBass	12/8	4	1	0										3/8	6		
3	3	12	12	1.5	0	0	Chord	12/8	4	1	3/8	1/4	3/2	68										
3	3	27/2	27/2	0.5	3/8	3/8	Chord	12/8	4	1	1/8	1/8	1	69										
3	3	14	14	0.0	1/2	1/2	FiguredBass	12/8	4	1	0										1/4	6		
3	3	14	14	1.0	1/2	1/2	Chord	12/8	4	1	1/4	1/4	1	70										
3	3	15	15	0.0	3/4	3/4	FiguredBass	12/8	4	1	0										1/4	7		
3	3	15	15	1.0	3/4	3/4	Chord	12/8	4	1	1/4	1/4	1	71										
4	4	18	18	1.5	0	0	Chord	12/8	1	1	3/8	1/4	3/2	72										
4	4	39/2	39/2	1.5	3/8	3/8	Chord	12/8	1	1	3/8	1/4	3/2	73										
4	4	21	21	0.5	3/4	3/4	Chord	12/8	1	1	1/8	1/8	1	74										
4	4	43/2	43/2	0.5	7/8	7/8	Chord	12/8	1	1	1/8	1/8	1	75										
4	4	22	22	0.5	1	1	Chord	12/8	1	1	1/8	1/8	1	76										
4	4	45/2	45/2	1.5	9/8	9/8	Chord	12/8	1	1	3/8	1/4	3/2	77										
4	4	18	18	1.5	0	0	Chord	12/8	2	1	3/8	1/4	3/2	78										
4	4	41/2	41/2	0.5	5/8	5/8	Chord	12/8	2	1	1/8	1/8	1	79										
4	4	21	21	0.5	3/4	3/4	Chord	12/8	2	1	1/8	1/8	1	80										12
4	4	43/2	43/2	0.5	7/8	7/8	Chord	12/8	2	1	1/8	1/8	1	81										
4	4	22	22	0.5	1	1	Chord	12/8	2	1	1/8	1/8	1	82										
4	4	45/2	45/2	0.5	9/8	9/8	Chord	12/8	2	1	1/8	1/8	1	83										13
4	4	23	23	0.5	5/4	5/4	Chord	12/8	2	1	1/8	1/8	1	84										
4	4	47/2	47/2	0.5	11/8	11/8	Chord	12/8	2	1	1/8	1/8	1	85										
4	4	18	18	1.0	0	0	Chord	12/8	3	1	1/4	1/4	1	86										
4	4	39/2	39/2	0.5	3/8	3/8	Chord	12/8	3	1	1/8	1/8	1	87										
4	4	20	20	1.0	1/2	1/2	Chord	12/8	3	1	1/4	1/4	1	88										
4	4	21	21	1.0	3/4	3/4	Chord	12/8	3	1	1/4	1/4	1	89										
4	4	18	18	0.0	0	0	FiguredBass	12/8	4	1	0										1/4	#		
4	4	18	18	1.0	0	0	Chord	12/8	4	1	1/4	1/4	1	90										
4	4	39/2	39/2	0.5	3/8	3/8	Chord	12/8	4	1	1/8	1/8	1	91										
4	4	20	20	0.0	1/2	1/2	FiguredBass	12/8	4	1	0										1/4	7		
4	4	20	20	1.0	1/2	1/2	Chord	12/8	4	1	1/4	1/4	1	92										
4	4	21	21	0.0	3/4	3/4	FiguredBass	12/8	4	1	0										1/4	5		
4	4	21	21	1.0	3/4	3/4	Chord	12/8	4	1	1/4	1/4	1	93										
5	5	24	24	0.5	0	0	Chord	12/8	1	1	1/8	1/8	1	94										
5	5	49/2	49/2	0.5	1/8	1/8	Chord	12/8	1	1	1/8	1/8	1	95										
5	5	25	25	0.5	1/4	1/4	Chord	12/8	1	1	1/8	1/8	1	96										
5	5	51/2	51/2	0.5	3/8	3/8	Chord	12/8	1	1	1/8	1/8	1	97										14
5	5	26	26	0.5	1/2	1/2	Chord	12/8	1	1	1/8	1/8	1	98										
5	5	53/2	53/2	0.5	5/8	5/8	Chord	12/8	1	1	1/8	1/8	1	99										
5	5	27	27	0.5	3/4	3/4	Chord	12/8	1	1	1/8	1/8	1	100										15
5	5	55/2	55/2	0.5	7/8	7/8	Chord	12/8	1	1	1/8	1/8	1	101										
5	5	28	28	0.5	1	1	Chord	12/8	1	1	1/8	1/8	1	102										
5	5	57/2	57/2	1.5	9/8	9/8	Chord	12/8	1	1	3/8	1/4	3/2	103										
5	5	24	24	1.5	0	0	Chord	12/8	2	1	3/8	1/4	3/2	104										
5	5	51/2	51/2	1.5	3/8	3/8	Chord	12/8	2	1	3/8	1/4	3/2	105										
5	5	27	27	1.5	3/4	3/4	Chord	12/8	2	1	3/8	1/4	3/2	106										
5	5	57/2	57/2	1.5	9/8	9/8	Chord	12/8	2	1	3/8	1/4	3/2	107										
5	5	24	24	1.0	0	0	Chord	12/8	3	1	1/4	1/4	1	108										
5	5	25	25	1.0	1/4	1/4	Chord	12/8	3	1	1/4	1/4	1	109										
5	5	26	26	1.0	1/2	1/2	Chord	12/8	3	1	1/4	1/4	1	110										
5	5	27	27	1.0	3/4	3/4	Chord	12/8	3	1	1/4	1/4	1	111										
5	5	24	24	0.0	0	0	FiguredBass	12/8	4	1	0										1/4	5	4	
5	5	24	24	1.0	0	0	Chord	12/8	4	1	1/4	1/4	1	112										
5	5	25	25	0.0	1/4	1/4	FiguredBass	12/8	4	1	0										1/4	6		
5	5	25	25	1.0	1/4	1/4	Chord	12/8	4	1	1/4	1/4	1	113										
5	5	26	26	0.0	1/2	1/2	FiguredBass	12/8	4	1	0										1/4	6	5	
5	5	26	26	1.0	1/2	1/2	Chord	12/8	4	1	1/4	1/4	1	114										
5	5	27	27	0.0	3/4	3/4	FiguredBass	12/8	4	1	0										1/4	#		
5	5	27	27	1.0	3/4	3/4	Chord	12/8	4	1	1/4	1/4	1	115										
6	6	30	30	1.5	0	0	Chord	12/8	1	1	3/8	1/4	3/2	116										
6	6	65/2	65/2	0.5	5/8	5/8	Chord	12/8	1	1	1/8	1/8	1	117										
6	6	33	33	0.5	3/4	3/4	Chord	12/8	1	1	1/8	1/8	1	118										16
6	6	67/2	67/2	0.5	7/8	7/8	Chord	12/8	1	1	1/8	1/8	1	119										
6	6	34	34	0.5	1	1	Chord	12/8	1	1	1/8	1/8	1	120										
6	6	69/2	69/2	0.5	9/8	9/8	Chord	12/8	1	1	1/8	1/8	1	121										17
6	6	35	35	0.5	5/4	5/4	Chord	12/8	1	1	1/8	1/8	1	122										
6	6	71/2	71/2	0.5	11/8	11/8	Chord	12/8	1	1	1/8	1/8	1	123										
6	6	30	30	1.5	0	0	Chord	12/8	2	1	3/8	1/4	3/2	124										
6	6	65/2	65/2	0.5	5/8	5/8	Chord	12/8	2	1	1/8	1/8	1	125										
6	6	33	33	1.5	3/4	3/4	Chord	12/8	2	1	3/8	1/4	3/2	126										
6	6	69/2	69/2	1.5	9/8	9/8	Chord	12/8	2	1	3/8	1/4	3/2	127										
6	6	30	30	1.0	0	0	Chord	12/8	3	1	1/4	1/4	1	128										
6	6	31	31	2.0	1/4	1/4	Chord	12/8	3	1	1/2	1/2	1	129										
6	6	33	33	1.0	3/4	3/4	Chord	12/8	3	1	1/4	1/4	1	130										
6	6	30	30	1.0	0	0	Chord	12/8	4	1	1/4	1/4	1	131										
6	6	31	31	0.0	1/4	1/4	FiguredBass	12/8	4	1	0										1/4	5	3	
6	6	31	31	2.0	1/4	1/4	Chord	12/8	4	1	1/2	1/2	1	132										
6	6	32	32	0.0	1/2	1/2	FiguredBass	12/8	4	1	0										1/4	4	2	
6	6	33	33	0.0	3/4	3/4	FiguredBass	12/8	4	1	0										1/4	6		
6	6	33	33	1.0	3/4	3/4	Chord	12/8	4	1	1/4	1/4	1	133										
7	7	36	36	0.5	0	0	Chord	12/8	1	1	1/8	1/8	1	134										18
7	7	73/2	73/2	0.5	1/8	1/8	Chord	12/8	1	1	1/8	1/8	1	135										
7	7	37	37	0.5	1/4	1/4	Chord	12/8	1	1	1/8	1/8	1	136										
7	7	75/2	75/2	0.5	3/8	3/8	Chord	12/8	1	1	1/8	1/8	1	137										19
7	7	38	38	0.5	1/2	1/2	Chord	12/8	1	1	1/8	1/8	1	138										
7	7	77/2	77/2	0.5	5/8	5/8	Chord	12/8	1	1	1/8	1/8	1	139										
7	7	39	39	0.5	3/4	3/4	Chord	12/8	1	1	1/8	1/8	1	140										20
7	7	79/2	79/2	0.5	7/8	7/8	Chord	12/8	1	1	1/8	1/8	1	141										
7	7	40	40	0.5	1	1	Chord	12/8	1	1	1/8	1/8	1	142										
7	7	81/2	81/2	0.5	9/8	9/8	Chord	12/8	1	1	1/8	1/8	1	143										21
7	7	41	41	0.5	5/4	5/4	Chord	12/8	1	1	1/8	1/8	1	144										
7	7	83/2	83/2	0.5	11/8	11/8	Chord	12/8	1	1	1/8	1/8	1	145										
7	7	36	36	1.5	0	0	Chord	12/8	2	1	3/8	1/4	3/2	146										
7	7	77/2	77/2	0.5	5/8	5/8	Chord	12/8	2	1	1/8	1/8	1	147										
7	7	39	39	1.5	3/4	3/4	Chord	12/8	2	1	3/8	1/4	3/2	148										
7	7	81/2	81/2	1.5	9/8	9/8	Chord	12/8	2	1	3/8	1/4	3/2	149										
7	7	36	36	1.0	0	0	Chord	12/8	3	1	1/4	1/4	1	150										
7	7	37	37	2.0	1/4	1/4	Chord	12/8	3	1	1/2	1/2	1	151										
7	7	39	39	1.0	3/4	3/4	Chord	12/8	3	1	1/4	1/4	1	152										
7	7	36	36	1.0	0	0	Chord	12/8	4	1	1/4	1/4	1	153										
7	7	37	37	0.0	1/4	1/4	FiguredBass	12/8	4	1	0										1/4	5	#	
7	7	37	37	2.0	1/4	1/4	Chord	12/8	4	1	1/2	1/2	1	154										
7	7	38	38	0.0	1/2	1/2	FiguredBass	12/8	4	1	0										1/4	4	2	
7	7	39	39	0.0	3/4	3/4	FiguredBass	12/8	4	1	0										1/4	6		
7	7	39	39	1.0	3/4	3/4	Chord	12/8	4	1	1/4	1/4	1	155										
8	8	42	42	0.5	0	0	Chord	12/8	1	1	1/8	1/8	1	156										22
8	8	85/2	85/2	0.5	1/8	1/8	Chord	12/8	1	1	1/8	1/8	1	157										
8	8	43	43	0.5	1/4	1/4	Chord	12/8	1	1	1/8	1/8	1	158										
8	8	87/2	87/2	0.5	3/8	3/8	Chord	12/8	1	1	1/8	1/8	1	159										23
8	8	44	44	0.5	1/2	1/2	Chord	12/8	1	1	1/8	1/8	1	160										
8	8	89/2	89/2	0.5	5/8	5/8	Chord	12/8	1	1	1/8	1/8	1	161										
8	8	45	45	0.5	3/4	3/4	Chord	12/8	1	1	1/8	1/8	1	162										24
8	8	91/2	91/2	0.5	7/8	7/8	Chord	12/8	1	1	1/8	1/8	1	163										
8	8	46	46	0.5	1	1	Chord	12/8	1	1	1/8	1/8	1	164										
8	8	93/2	93/2	0.5	9/8	9/8	Chord	12/8	1	1	1/8	1/8	1	165										25
8	8	47	47	0.5	5/4	5/4	Chord	12/8	1	1	1/8	1/8	1	166										
8	8	95/2	95/2	0.5	11/8	11/8	Chord	12/8	1	1	1/8	1/8	1	167										
8	8	42	42	1.5	0	0	Chord	12/8	2	1	3/8	1/4	3/2	168										
8	8	89/2	89/2	0.5	5/8	5/8	Chord	12/8	2	1	1/8	1/8	1	169										
8	8	45	45	1.5	3/4	3/4	Chord	12/8	2	1	3/8	1/4	3/2	170										
8	8	95/2	95/2	0.5	11/8	11/8	Chord	12/8	2	1	1/8	1/8	1	171										
8	8	42	42	1.0	0	0	Chord	12/8	3	1	1/4	1/4	1	172										
8	8	43	43	1.0	1/4	1/4	Chord	12/8	3	1	1/4	1/4	1	173										
8	8	44	44	1.0	1/2	1/2	Chord	12/8	3	1	1/4	1/4	1	174										
8	8	45	45	1.0	3/4	3/4	Chord	12/8	3	1	1/4	1/4	1	175										
8	8	42	42	0.0	0	0	FiguredBass	12/8	4	1	0										1/4	#		
8	8	42	42	1.0	0	0	Chord	12/8	4	1	1/4	1/4	1	176										
8	8	43	43	0.0	1/4	1/4	FiguredBass	12/8	4	1	0										1/4	6		
8	8	43	43	1.0	1/4	1/4	Chord	12/8	4	1	1/4	1/4	1	177										
8	8	44	44	0.0	1/2	1/2	FiguredBass	12/8	4	1	0										1/4	7		
8	8	44	44	1.0	1/2	1/2	Chord	12/8	4	1	1/4	1/4	1	178										
8	8	45	45	0.0	3/4	3/4	FiguredBass	12/8	4	1	0										1/4	7		
8	8	45	45	1.0	3/4	3/4	Chord	12/8	4	1	1/4	1/4	1	179										
9	9	48	48	0.5	0	0	Chord	12/8	1	1	1/8	1/8	1	180										26
9	9	97/2	97/2	0.5	1/8	1/8	Chord	12/8	1	1	1/8	1/8	1	181										
9	9	49	49	0.5	1/4	1/4	Chord	12/8	1	1	1/8	1/8	1	182										
9	9	99/2	99/2	0.5	3/8	3/8	Chord	12/8	1	1	1/8	1/8	1	183										27
9	9	50	50	0.5	1/2	1/2	Chord	12/8	1	1	1/8	1/8	1	184										
9	9	101/2	101/2	0.5	5/8	5/8	Chord	12/8	1	1	1/8	1/8	1	185										
9	9	51	51	0.5	3/4	3/4	Chord	12/8	1	1	1/8	1/8	1	186										28
9	9	103/2	103/2	0.5	7/8	7/8	Chord	12/8	1	1	1/8	1/8	1	187										
9	9	52	52	0.5	1	1	Chord	12/8	1	1	1/8	1/8	1	188										
9	9	105/2	105/2	0.5	9/8	9/8	Chord	12/8	1	1	1/8	1/8	1	189										
9	9	53	53	0.5	5/4	5/4	Chord	12/8	1	1	1/8	1/8	1	190										
9	9	107/2	107/2	0.5	11/8	11/8	Chord	12/8	1	1	1/8	1/8	1	191										
9	9	48	48	1.5	0	0	Chord	12/8	2	1	3/8	1/4	3/2	192										
9	9	101/2	101/2	0.5	5/8	5/8	Chord	12/8	2	1	1/8	1/8	1	193										
9	9	51	51	0.5	3/4	3/4	Chord	12/8	2	1	1/8	1/8	1	194										
9	9	103/2	103/2	0.5	7/8	7/8	Chord	12/8	2	1	1/8	1/8	1	195										
9	9	52	52	0.5	1	1	Chord	12/8	2	1	1/8	1/8	1	196										
9	9	105/2	105/2	1.0	9/8	9/8	Chord	12/8	2	1	1/4	1/4	1	197										
9	9	107/2	107/2	0.5	11/8	11/8	Chord	12/8	2	1	1/8	1/8	1	198										
9	9	48	48	1.0	0	0	Chord	12/8	3	1	1/4	1/4	1	199										
9	9	49	49	1.0	1/4	1/4	Chord	12/8	3	1	1/4	1/4	1	200										
9	9	50	50	1.0	1/2	1/2	Chord	12/8	3	1	1/4	1/4	1	201										
9	9	51	51	1.0	3/4	3/4	Chord	12/8	3	1	1/4	1/4	1	202										
9	9	48	48	0.0	0	0	FiguredBass	12/8	4	1	0										1/4	7	#	
9	9	48	48	1.0	0	0	Chord	12/8	4	1	1/4	1/4	1	203										
9	9	49	49	1.0	1/4	1/4	Chord	12/8	4	1	1/4	1/4	1	204										
9	9	50	50	0.0	1/2	1/2	FiguredBass	12/8	4	1	0										1/4	6	5	
9	9	50	50	1.0	1/2	1/2	Chord	12/8	4	1	1/4	1/4	1	205										
9	9	51	51	0.0	3/4	3/4	FiguredBass	12/8	4	1	0										1/4	#		
9	9	51	51	1.0	3/4	3/4	Chord	12/8	4	1	1/4	1/4	1	206										
10	10	54	54	1.5	0	0	Chord	12/8	1	1	3/8	1/4	3/2	207										
10	10	111/2	111/2	1.5	3/8	3/8	Chord	12/8	1	1	3/8	1/4	3/2	208										
10	10	57	57	0.5	3/4	3/4	Chord	12/8	1	1	1/8	1/8	1	209										
10	10	115/2	115/2	0.5	7/8	7/8	Chord	12/8	1	1	1/8	1/8	1	210										
10	10	58	58	0.5	1	1	Chord	12/8	1	1	1/8	1/8	1	211										
10	10	117/2	117/2	1.5	9/8	9/8	Chord	12/8	1	1	3/8	1/4	3/2	212										
10	10	54	54	1.5	0	0	Chord	12/8	2	1	3/8	1/4	3/2	213										
10	10	57	57	1.5	3/4	3/4	Chord	12/8	2	1	3/8	1/4	3/2	214										
10	10	117/2	117/2	0.5	9/8	9/8	Chord	12/8	2	1	1/8	1/8	1	215										
10	10	59	59	0.5	5/4	5/4	Chord	12/8	2	1	1/8	1/8	1	216										
10	10	119/2	119/2	0.5	11/8	11/8	Chord	12/8	2	1	1/8	1/8	1	217										
10	10	54	54	1.0	0	0	Chord	12/8	3	1	1/4	1/4	1	218										
10	10	55	55	1.0	1/4	1/4	Chord	12/8	3	1	1/4	1/4	1	219										
10	10	56	56	1.0	1/2	1/2	Chord	12/8	3	1	1/4	1/4	1	220										
10	10	57	57	1.0	3/4	3/4	Chord	12/8	3	1	1/4	1/4	1	221										
10	10	54	54	0.0	0	0	FiguredBass	12/8	4	1	0										1/4	#		
10	10	54	54	1.0	0	0	Chord	12/8	4	1	1/4	1/4	1	222										
10	10	55	55	0.0	1/4	1/4	FiguredBass	12/8	4	1	0										1/4	6		
10	10	55	55	1.0	1/4	1/4	Chord	12/8	4	1	1/4	1/4	1	223										
10	10	56	56	0.0	1/2	1/2	FiguredBass	12/8	4	1	0										1/4	7		
10	10	56	56	1.0	1/2	1/2	Chord	12/8	4	1	1/4	1/4	1	224										
10	10	57	57	0.0	3/4	3/4	FiguredBass	12/8	4	1	0										1/4	7		
10	10	57	57	1.0	3/4	3/4	Chord	12/8	4	1	1/4	1/4	1	225										
11	11	60	60	0.5	0	0	Chord	12/8	1	1	1/8	1/8	1	226										
11	11	121/2	121/2	0.5	1/8	1/8	Chord	12/8	1	1	1/8	1/8	1	227										
11	11	61	61	0.5	1/4	1/4	Chord	12/8	1	1	1/8	1/8	1	228										
11	11	123/2	123/2	1.5	3/8	3/8	Chord	12/8	1	1	3/8	1/4	3/2	229										
11	11	63	63	0.5	3/4	3/4	Chord	12/8	1	1	1/8	1/8	1	230										
11	11	127/2	127/2	0.5	7/8	7/8	Chord	12/8	1	1	1/8	1/8	1	231										
11	11	64	64	0.5	1	1	Chord	12/8	1	1	1/8	1/8	1	232										
11	11	129/2	129/2	0.5	9/8	9/8	Chord	12/8	1	1	1/8	1/8	1	233										29
11	11	65	65	0.5	5/4	5/4	Chord	12/8	1	1	1/8	1/8	1	234										
11	11	131/2	131/2	0.5	11/8	11/8	Chord	12/8	1	1	1/8	1/8	1	235										
11	11	60	60	1.5	0	0	Chord	12/8	2	1	3/8	1/4	3/2	236										
11	11	123/2	123/2	0.5	3/8	3/8	Chord	12/8	2	1	1/8	1/8	1	237										
11	11	62	62	0.5	1/2	1/2	Chord	12/8	2	1	1/8	1/8	1	238										
11	11	125/2	125/2	0.5	5/8	5/8	Chord	12/8	2	1	1/8	1/8	1	239										
11	11	63	63	1.5	3/4	3/4	Chord	12/8	2	1	3/8	1/4	3/2	240										
11	11	129/2	129/2	1.5	9/8	9/8	Chord	12/8	2	1	3/8	1/4	3/2	241										
11	11	60	60	1.0	0	0	Chord	12/8	3	1	1/4	1/4	1	242										
11	11	61	61	1.0	1/4	1/4	Chord	12/8	3	1	1/4	1/4	1	243										
11	11	62	62	1.0	1/2	1/2	Chord	12/8	3	1	1/4	1/4	1	244										
11	11	63	63	1.0	3/4	3/4	Chord	12/8	3	1	1/4	1/4	1	245										
11	11	60	60	0.0	0	0	FiguredBass	12/8	4	1	0										1/4	7	#	
11	11	60	60	1.0	0	0	Chord	12/8	4	1	1/4	1/4	1	246										
11	11	61	61	0.0	1/4	1/4	FiguredBass	12/8	4	1	0										1/4	7\		
11	11	61	61	1.0	1/4	1/4	Chord	12/8	4	1	1/4	1/4	1	247										
11	11	62	62	0.0	1/2	1/2	FiguredBass	12/8	4	1	0										1/4	7		
11	11	62	62	1.0	1/2	1/2	Chord	12/8	4	1	1/4	1/4	1	248										
11	11	63	63	0.0	3/4	3/4	FiguredBass	12/8	4	1	0										1/4	6		
11	11	63	63	1.0	3/4	3/4	Chord	12/8	4	1	1/4	1/4	1	249										
12	12	66	66	0.5	0	0	Chord	12/8	1	1	1/8	1/8	1	250										
12	12	133/2	133/2	0.5	1/8	1/8	Chord	12/8	1	1	1/8	1/8	1	251										
12	12	67	67	0.5	1/4	1/4	Chord	12/8	1	1	1/8	1/8	1	252										
12	12	135/2	135/2	1.0	3/8	3/8	Chord	12/8	1	1	1/4	1/4	1	253										
12	12	137/2	137/2	0.5	5/8	5/8	Chord	12/8	1	1	1/8	1/8	1	254										
12	12	69	69	1.5	3/4	3/4	Chord	12/8	1	1	3/8	1/4	3/2	255										
12	12	141/2	141/2	1.0	9/8	9/8	Chord	12/8	1	1	1/4	1/4	1	256										
12	12	143/2	143/2	0.5	11/8	11/8	Chord	12/8	1	1	1/8	1/8	1	257										
12	12	66	66	1.5	0	0	Chord	12/8	2	1	3/8	1/4	3/2	258										
12	12	135/2	135/2	1.5	3/8	3/8	Chord	12/8	2	1	3/8	1/4	3/2	259										
12	12	69	69	3.0	3/4	3/4	Chord	12/8	2	1	3/4	1/2	3/2	260										
12	12	66	66	1.0	0	0	Chord	12/8	3	1	1/4	1/4	1	261										
12	12	67	67	1.0	1/4	1/4	Chord	12/8	3	1	1/4	1/4	1	262										
12	12	68	68	1.0	1/2	1/2	Chord	12/8	3	1	1/4	1/4	1	263										
12	12	69	69	1.0	3/4	3/4	Chord	12/8	3	1	1/4	1/4	1	264										
12	12	66	66	0.0	0	0	FiguredBass	12/8	4	1	0										1/4	7	#	
12	12	66	66	1.0	0	0	Chord	12/8	4	1	1/4	1/4	1	265										
12	12	67	67	0.0	1/4	1/4	FiguredBass	12/8	4	1	0										1/4	5		
12	12	67	67	1.0	1/4	1/4	Chord	12/8	4	1	1/4	1/4	1	266										
12	12	68	68	0.0	1/2	1/2	FiguredBass	12/8	4	1	0										1/4	6	5	
12	12	68	68	1.0	1/2	1/2	Chord	12/8	4	1	1/4	1/4	1	267										
12	12	69	69	0.0	3/4	3/4	FiguredBass	12/8	4	1	0										1/8	5	4	
12	12	69	69	1.0	3/4	3/4	Chord	12/8	4	1	1/4	1/4	1	268										
12	12	139/2	139/2	0.0	7/8	7/8	FiguredBass	12/8	4	1	0										1/8	#		
13	13	72	72	1.5	0	0	Chord	12/8	1	1	3/8	1/4	3/2	269										
13	13	147/2	147/2	1.5	3/8	3/8	Chord	12/8	1	1	3/8	1/4	3/2	270										
13	13	75	75	1.5	3/4	3/4	Chord	12/8	1	1	3/8	1/4	3/2	271										
13	13	153/2	153/2	1.5	9/8	9/8	Chord	12/8	1	1	3/8	1/4	3/2	272										
13	13	72	72	1.5	0	0	Chord	12/8	2	1	3/8	1/4	3/2	273										
13	13	149/2	149/2	0.5	5/8	5/8	Chord	12/8	2	1	1/8	1/8	1	274										
13	13	75	75	1.5	3/4	3/4	Chord	12/8	2	1	3/8	1/4	3/2	275										
13	13	155/2	155/2	0.5	11/8	11/8	Chord	12/8	2	1	1/8	1/8	1	276										
13	13	72	72	1.0	0	0	Chord	12/8	3	1	1/4	1/4	1	277										
13	13	73	73	2.0	1/4	1/4	Chord	12/8	3	1	1/2	1/2	1	278										
13	13	75	75	1.0	3/4	3/4	Chord	12/8	3	1	1/4	1/4	1	279										
13	13	72	72	1.0	0	0	Chord	12/8	4	1	1/4	1/4	1	280										
13	13	73	73	0.0	1/4	1/4	FiguredBass	12/8	4	1	0										1/4	5	3	
13	13	73	73	2.0	1/4	1/4	Chord	12/8	4	1	1/2	1/2	1	281										
13	13	74	74	0.0	1/2	1/2	FiguredBass	12/8	4	1	0										1/4	4\	2	
13	13	75	75	0.0	3/4	3/4	FiguredBass	12/8	4	1	0										1/4	6		
13	13	75	75	1.0	3/4	3/4	Chord	12/8	4	1	1/4	1/4	1	282										
14	14	78	78	1.5	0	0	Chord	12/8	1	1	3/8	1/4	3/2	283										
14	14	159/2	159/2	1.5	3/8	3/8	Chord	12/8	1	1	3/8	1/4	3/2	284										
14	14	81	81	3.0	3/4	3/4	Chord	12/8	1	1	3/4	1/2	3/2	285										
14	14	78	78	0.5	0	0	Chord	12/8	2	1	1/8	1/8	1	286										30
14	14	157/2	157/2	0.5	1/8	1/8	Chord	12/8	2	1	1/8	1/8	1	287										
14	14	79	79	0.5	1/4	1/4	Chord	12/8	2	1	1/8	1/8	1	288										
14	14	159/2	159/2	1.0	3/8	3/8	Chord	12/8	2	1	1/4	1/4	1	289										
14	14	161/2	161/2	0.5	5/8	5/8	Chord	12/8	2	1	1/8	1/8	1	290										
14	14	81	81	3.0	3/4	3/4	Chord	12/8	2	1	3/4	1/2	3/2	291										
14	14	78	78	1.0	0	0	Chord	12/8	3	1	1/4	1/4	1	292										
14	14	79	79	1.0	1/4	1/4	Chord	12/8	3	1	1/4	1/4	1	293										
14	14	80	80	2.0	1/2	1/2	Chord	12/8	3	1	1/2	1/2	1	294										
14	14	78	78	0.0	0	0	FiguredBass	12/8	4	1	0										1/4	6	5	
14	14	78	78	1.0	0	0	Chord	12/8	4	1	1/4	1/4	1	295										
14	14	79	79	0.0	1/4	1/4	FiguredBass	12/8	4	1	0										1/4	#		
14	14	79	79	1.0	1/4	1/4	Chord	12/8	4	1	1/4	1/4	1	296										
14	14	80	80	2.0	1/2	1/2	Chord	12/8	4	1	1/2	1/2	1	297										
15	15	84	84	0.5	0	0	Chord	12/8	1	1	1/8	1/8	1	298										31
15	15	169/2	169/2	0.5	1/8	1/8	Chord	12/8	1	1	1/8	1/8	1	299										
15	15	85	85	0.5	1/4	1/4	Chord	12/8	1	1	1/8	1/8	1	300										
15	15	171/2	171/2	0.5	3/8	3/8	Chord	12/8	1	1	1/8	1/8	1	301										32
15	15	86	86	0.5	1/2	1/2	Chord	12/8	1	1	1/8	1/8	1	302										
15	15	173/2	173/2	0.5	5/8	5/8	Chord	12/8	1	1	1/8	1/8	1	303										
15	15	87	87	0.5	3/4	3/4	Chord	12/8	1	1	1/8	1/8	1	304										33
15	15	175/2	175/2	0.5	7/8	7/8	Chord	12/8	1	1	1/8	1/8	1	305										
15	15	88	88	0.5	1	1	Chord	12/8	1	1	1/8	1/8	1	306										
15	15	177/2	177/2	0.5	9/8	9/8	Chord	12/8	1	1	1/8	1/8	1	307										34
15	15	89	89	0.5	5/4	5/4	Chord	12/8	1	1	1/8	1/8	1	308										
15	15	179/2	179/2	0.5	11/8	11/8	Chord	12/8	1	1	1/8	1/8	1	309										
15	15	84	84	3.0	0	0	Chord	12/8	2	1	3/4	1/2	3/2	310										
15	15	87	87	3.0	3/4	3/4	Chord	12/8	2	1	3/4	1/2	3/2	311										
15	15	84	84	1.0	0	0	Chord	12/8	3	1	1/4	1/4	1	312										
15	15	85	85	1.0	1/4	1/4	Chord	12/8	3	1	1/4	1/4	1	313										
15	15	86	86	1.0	1/2	1/2	Chord	12/8	3	1	1/4	1/4	1	314										
15	15	87	87	1.0	3/4	3/4	Chord	12/8	3	1	1/4	1/4	1	315										
15	15	84	84	0.0	0	0	FiguredBass	12/8	4	1	0										1/4	6		
15	15	84	84	1.0	0	0	Chord	12/8	4	1	1/4	1/4	1	316										
15	15	85	85	0.0	1/4	1/4	FiguredBass	12/8	4	1	0										1/4	#		
15	15	85	85	1.0	1/4	1/4	Chord	12/8	4	1	1/4	1/4	1	317										
15	15	86	86	0.0	1/2	1/2	FiguredBass	12/8	4	1	0										1/4	5		
15	15	86	86	1.0	1/2	1/2	Chord	12/8	4	1	1/4	1/4	1	318										
15	15	87	87	1.0	3/4	3/4	Chord	12/8	4	1	1/4	1/4	1	319										
16	16	90	90	0.5	0	0	Chord	12/8	1	1	1/8	1/8	1	320										35
16	16	181/2	181/2	0.5	1/8	1/8	Chord	12/8	1	1	1/8	1/8	1	321										
16	16	91	91	0.5	1/4	1/4	Chord	12/8	1	1	1/8	1/8	1	322										
16	16	183/2	183/2	0.5	3/8	3/8	Chord	12/8	1	1	1/8	1/8	1	323										36
16	16	92	92	0.5	1/2	1/2	Chord	12/8	1	1	1/8	1/8	1	324										
16	16	185/2	185/2	0.5	5/8	5/8	Chord	12/8	1	1	1/8	1/8	1	325										
16	16	93	93	3.0	3/4	3/4	Chord	12/8	1	1	3/4	1/2	3/2	326										
16	16	90	90	3.0	0	0	Chord	12/8	2	1	3/4	1/2	3/2	327										
16	16	93	93	3.0	3/4	3/4	Chord	12/8	2	1	3/4	1/2	3/2	328										
16	16	90	90	1.0	0	0	Chord	12/8	3	1	1/4	1/4	1	329										
16	16	91	91	1.0	1/4	1/4	Chord	12/8	3	1	1/4	1/4	1	330										
16	16	92	92	2.0	1/2	1/2	Chord	12/8	3	1	1/2	1/2	1	331										
16	16	90	90	0.0	0	0	FiguredBass	12/8	4	1	0										1/4	6		
16	16	90	90	1.0	0	0	Chord	12/8	4	1	1/4	1/4	1	332										
16	16	91	91	0.0	1/4	1/4	FiguredBass	12/8	4	1	0										1/4	#		
16	16	91	91	1.0	1/4	1/4	Chord	12/8	4	1	1/4	1/4	1	333										
16	16	92	92	0.0	1/2	1/2	FiguredBass	12/8	4	1	0										1/2	5		
16	16	92	92	2.0	1/2	1/2	Chord	12/8	4	1	1/2	1/2	1	334										
17	17	96	96	0.5	0	0	Chord	12/8	1	1	1/8	1/8	1	335										37
17	17	193/2	193/2	0.5	1/8	1/8	Chord	12/8	1	1	1/8	1/8	1	336										
17	17	97	97	0.5	1/4	1/4	Chord	12/8	1	1	1/8	1/8	1	337										
17	17	195/2	195/2	0.5	3/8	3/8	Chord	12/8	1	1	1/8	1/8	1	338										38
17	17	98	98	0.5	1/2	1/2	Chord	12/8	1	1	1/8	1/8	1	339										
17	17	197/2	197/2	0.5	5/8	5/8	Chord	12/8	1	1	1/8	1/8	1	340										
17	17	99	99	0.5	3/4	3/4	Chord	12/8	1	1	1/8	1/8	1	341										39
17	17	199/2	199/2	0.5	7/8	7/8	Chord	12/8	1	1	1/8	1/8	1	342										
17	17	100	100	0.5	1	1	Chord	12/8	1	1	1/8	1/8	1	343										
17	17	201/2	201/2	0.5	9/8	9/8	Chord	12/8	1	1	1/8	1/8	1	344										40
17	17	101	101	0.5	5/4	5/4	Chord	12/8	1	1	1/8	1/8	1	345										
17	17	203/2	203/2	0.5	11/8	11/8	Chord	12/8	1	1	1/8	1/8	1	346										
17	17	96	96	3.0	0	0	Chord	12/8	2	1	3/4	1/2	3/2	347										
17	17	99	99	3.0	3/4	3/4	Chord	12/8	2	1	3/4	1/2	3/2	348	ornamentTrill									
17	17	96	96	1.0	0	0	Chord	12/8	3	1	1/4	1/4	1	349										
17	17	97	97	1.0	1/4	1/4	Chord	12/8	3	1	1/4	1/4	1	350										
17	17	98	98	1.0	1/2	1/2	Chord	12/8	3	1	1/4	1/4	1	351										
17	17	99	99	1.0	3/4	3/4	Chord	12/8	3	1	1/4	1/4	1	352										
17	17	96	96	0.0	0	0	FiguredBass	12/8	4	1	0										1/4	6		
17	17	96	96	1.0	0	0	Chord	12/8	4	1	1/4	1/4	1	353										
17	17	97	97	0.0	1/4	1/4	FiguredBass	12/8	4	1	0										1/4	#		
17	17	97	97	1.0	1/4	1/4	Chord	12/8	4	1	1/4	1/4	1	354										
17	17	98	98	0.0	1/2	1/2	FiguredBass	12/8	4	1	0										1/4	#		
17	17	98	98	1.0	1/2	1/2	Chord	12/8	4	1	1/4	1/4	1	355										
17	17	99	99	0.0	3/4	3/4	FiguredBass	12/8	4	1	0										1/4	#		
17	17	99	99	1.0	3/4	3/4	Chord	12/8	4	1	1/4	1/4	1	356										
18	18	102	102	0.5	0	0	Chord	12/8	1	1	1/8	1/8	1	357										41
18	18	205/2	205/2	0.5	1/8	1/8	Chord	12/8	1	1	1/8	1/8	1	358										
18	18	103	103	0.5	1/4	1/4	Chord	12/8	1	1	1/8	1/8	1	359										
18	18	207/2	207/2	0.5	3/8	3/8	Chord	12/8	1	1	1/8	1/8	1	360										42
18	18	104	104	0.5	1/2	1/2	Chord	12/8	1	1	1/8	1/8	1	361										
18	18	209/2	209/2	0.5	5/8	5/8	Chord	12/8	1	1	1/8	1/8	1	362										
18	18	105	105	3.0	3/4	3/4	Chord	12/8	1	1	3/4	1/2	3/2	363										
18	18	102	102	3.0	0	0	Chord	12/8	2	1	3/4	1/2	3/2	364										
18	18	105	105	3.0	3/4	3/4	Chord	12/8	2	1	3/4	1/2	3/2	365										
18	18	102	102	1.0	0	0	Chord	12/8	3	1	1/4	1/4	1	366										
18	18	103	103	1.0	1/4	1/4	Chord	12/8	3	1	1/4	1/4	1	367										
18	18	104	104	2.0	1/2	1/2	Chord	12/8	3	1	1/2	1/2	1	368										
18	18	102	102	0.0	0	0	FiguredBass	12/8	4	1	0										1/4	6		
18	18	102	102	1.0	0	0	Chord	12/8	4	1	1/4	1/4	1	369										
18	18	103	103	0.0	1/4	1/4	FiguredBass	12/8	4	1	0										1/4	#		
18	18	103	103	1.0	1/4	1/4	Chord	12/8	4	1	1/4	1/4	1	370										
18	18	104	104	0.0	1/2	1/2	FiguredBass	12/8	4	1	0										1/2	#		
18	18	104	104	2.0	1/2	1/2	Chord	12/8	4	1	1/2	1/2	1	371										
19	19	108	108	0.5	0	0	Chord	12/8	1	1	1/8	1/8	1	372										43
19	19	217/2	217/2	0.5	1/8	1/8	Chord	12/8	1	1	1/8	1/8	1	373										
19	19	109	109	0.5	1/4	1/4	Chord	12/8	1	1	1/8	1/8	1	374										
19	19	219/2	219/2	0.5	3/8	3/8	Chord	12/8	1	1	1/8	1/8	1	375										44
19	19	110	110	0.5	1/2	1/2	Chord	12/8	1	1	1/8	1/8	1	376										
19	19	221/2	221/2	0.5	5/8	5/8	Chord	12/8	1	1	1/8	1/8	1	377										
19	19	111	111	1.5	3/4	3/4	Chord	12/8	1	1	3/8	1/4	3/2	378										
19	19	225/2	225/2	1.5	9/8	9/8	Chord	12/8	1	1	3/8	1/4	3/2	379										
19	19	108	108	1.5	0	0	Chord	12/8	2	1	3/8	1/4	3/2	380										
19	19	219/2	219/2	3.0	3/8	3/8	Chord	12/8	2	1	3/4	1/2	3/2	381										
19	19	225/2	225/2	1.5	9/8	9/8	Chord	12/8	2	1	3/8	1/4	3/2	382										
19	19	108	108	1.0	0	0	Chord	12/8	3	1	1/4	1/4	1	383										
19	19	109	109	1.0	1/4	1/4	Chord	12/8	3	1	1/4	1/4	1	384										
19	19	110	110	1.0	1/2	1/2	Chord	12/8	3	1	1/4	1/4	1	385										
19	19	111	111	1.0	3/4	3/4	Chord	12/8	3	1	1/4	1/4	1	386										
19	19	108	108	0.0	0	0	FiguredBass	12/8	4	1	0										1/4	6		
19	19	108	108	1.0	0	0	Chord	12/8	4	1	1/4	1/4	1	387										
19	19	109	109	1.0	1/4	1/4	Chord	12/8	4	1	1/4	1/4	1	388										
19	19	110	110	0.0	1/2	1/2	FiguredBass	12/8	4	1	0										1/4	7	#	
19	19	110	110	1.0	1/2	1/2	Chord	12/8	4	1	1/4	1/4	1	389										
19	19	111	111	0.0	3/4	3/4	FiguredBass	12/8	4	1	0										1/4	#		
19	19	111	111	1.0	3/4	3/4	Chord	12/8	4	1	1/4	1/4	1	390										
20	20	114	114	1.5	0	0	Chord	12/8	1	1	3/8	1/4	3/2	391										
20	20	231/2	231/2	1.5	3/8	3/8	Chord	12/8	1	1	3/8	1/4	3/2	392										
20	20	117	117	3.0	3/4	3/4	Chord	12/8	1	1	3/4	1/2	3/2	393										
20	20	114	114	3.0	0	0	Chord	12/8	2	1	3/4	1/2	3/2	394										
20	20	117	117	3.0	3/4	3/4	Chord	12/8	2	1	3/4	1/2	3/2	395										
20	20	114	114	2.0	0	0	Chord	12/8	3	1	1/2	1/2	1	396										
20	20	116	116	2.0	1/2	1/2	Chord	12/8	3	1	1/2	1/2	1	397										
20	20	114	114	0.0	0	0	FiguredBass	12/8	4	1	0										1/4	5	4	
20	20	114	114	2.0	0	0	Chord	12/8	4	1	1/2	1/2	1	398										
20	20	115	115	0.0	1/4	1/4	FiguredBass	12/8	4	1	0										1/4	#		
20	20	116	116	0.0	1/2	1/2	FiguredBass	12/8	4	1	0										1/2	#		
20	20	116	116	2.0	1/2	1/2	Chord	12/8	4	1	1/2	1/2	1	399										
21	21	120	120	0.5	0	0	Chord	12/8	1	1	1/8	1/8	1	400										45
21	21	241/2	241/2	0.5	1/8	1/8	Chord	12/8	1	1	1/8	1/8	1	401										
21	21	121	121	0.5	1/4	1/4	Chord	12/8	1	1	1/8	1/8	1	402										
21	21	243/2	243/2	0.5	3/8	3/8	Chord	12/8	1	1	1/8	1/8	1	403										46
21	21	122	122	0.5	1/2	1/2	Chord	12/8	1	1	1/8	1/8	1	404										
21	21	245/2	245/2	0.5	5/8	5/8	Chord	12/8	1	1	1/8	1/8	1	405										
21	21	123	123	1.5	3/4	3/4	Chord	12/8	1	1	3/8	1/4	3/2	406										
21	21	249/2	249/2	1.5	9/8	9/8	Chord	12/8	1	1	3/8	1/4	3/2	407										
21	21	120	120	1.5	0	0	Chord	12/8	2	1	3/8	1/4	3/2	408										
21	21	243/2	243/2	3.0	3/8	3/8	Chord	12/8	2	1	3/4	1/2	3/2	409										
21	21	249/2	249/2	1.5	9/8	9/8	Chord	12/8	2	1	3/8	1/4	3/2	410										
21	21	120	120	1.0	0	0	Chord	12/8	3	1	1/4	1/4	1	411										
21	21	121	121	1.0	1/4	1/4	Chord	12/8	3	1	1/4	1/4	1	412										
21	21	122	122	1.0	1/2	1/2	Chord	12/8	3	1	1/4	1/4	1	413										
21	21	123	123	1.0	3/4	3/4	Chord	12/8	3	1	1/4	1/4	1	414										
21	21	120	120	0.0	0	0	FiguredBass	12/8	4	1	0										1/4	6		
21	21	120	120	1.0	0	0	Chord	12/8	4	1	1/4	1/4	1	415										
21	21	121	121	1.0	1/4	1/4	Chord	12/8	4	1	1/4	1/4	1	416										
21	21	122	122	0.0	1/2	1/2	FiguredBass	12/8	4	1	0										1/4	7	#	
21	21	122	122	1.0	1/2	1/2	Chord	12/8	4	1	1/4	1/4	1	417										
21	21	123	123	1.0	3/4	3/4	Chord	12/8	4	1	1/4	1/4	1	418										
22	22	126	126	1.5	0	0	Chord	12/8	1	1	3/8	1/4	3/2	419										
22	22	255/2	255/2	1.5	3/8	3/8	Chord	12/8	1	1	3/8	1/4	3/2	420										
22	22	129	129	0.5	3/4	3/4	Chord	12/8	1	1	1/8	1/8	1	421										47
22	22	259/2	259/2	0.5	7/8	7/8	Chord	12/8	1	1	1/8	1/8	1	422										
22	22	130	130	0.5	1	1	Chord	12/8	1	1	1/8	1/8	1	423										
22	22	261/2	261/2	0.5	9/8	9/8	Chord	12/8	1	1	1/8	1/8	1	424										48
22	22	131	131	0.5	5/4	5/4	Chord	12/8	1	1	1/8	1/8	1	425										
22	22	263/2	263/2	0.5	11/8	11/8	Chord	12/8	1	1	1/8	1/8	1	426										
22	22	126	126	3.0	0	0	Chord	12/8	2	1	3/4	1/2	3/2	427										
22	22	129	129	3.0	3/4	3/4	Chord	12/8	2	1	3/4	1/2	3/2	428										
22	22	126	126	2.0	0	0	Chord	12/8	3	1	1/2	1/2	1	429										
22	22	128	128	2.0	1/2	1/2	Chord	12/8	3	1	1/2	1/2	1	430										
22	22	126	126	0.0	0	0	FiguredBass	12/8	4	1	0										1/4	5	4	
22	22	126	126	2.0	0	0	Chord	12/8	4	1	1/2	1/2	1	431										
22	22	127	127	0.0	1/4	1/4	FiguredBass	12/8	4	1	0										1/4	#		
22	22	128	128	0.0	1/2	1/2	FiguredBass	12/8	4	1	0										1/2	h		
22	22	128	128	2.0	1/2	1/2	Chord	12/8	4	1	1/2	1/2	1	432										
23	23	132	132	3.0	0	0	Chord	12/8	1	1	3/4	1/2	3/2	433										
23	23	135	135	0.5	3/4	3/4	Chord	12/8	1	1	1/8	1/8	1	434										49
23	23	271/2	271/2	0.5	7/8	7/8	Chord	12/8	1	1	1/8	1/8	1	435										
23	23	136	136	0.5	1	1	Chord	12/8	1	1	1/8	1/8	1	436										
23	23	273/2	273/2	0.5	9/8	9/8	Chord	12/8	1	1	1/8	1/8	1	437										50
23	23	137	137	0.5	5/4	5/4	Chord	12/8	1	1	1/8	1/8	1	438										
23	23	275/2	275/2	0.5	11/8	11/8	Chord	12/8	1	1	1/8	1/8	1	439										
23	23	132	132	1.5	0	0	Chord	12/8	2	1	3/8	1/4	3/2	440										
23	23	267/2	267/2	1.5	3/8	3/8	Chord	12/8	2	1	3/8	1/4	3/2	441										
23	23	135	135	3.0	3/4	3/4	Chord	12/8	2	1	3/4	1/2	3/2	442										
23	23	132	132	1.0	0	0	Chord	12/8	3	1	1/4	1/4	1	443										
23	23	133	133	1.0	1/4	1/4	Chord	12/8	3	1	1/4	1/4	1	444										
23	23	134	134	2.0	1/2	1/2	Chord	12/8	3	1	1/2	1/2	1	445										
23	23	132	132	0.0	0	0	FiguredBass	12/8	4	1	0										1/4	5		
23	23	132	132	1.0	0	0	Chord	12/8	4	1	1/4	1/4	1	446										
23	23	133	133	0.0	1/4	1/4	FiguredBass	12/8	4	1	0										1/4	7	#	
23	23	133	133	1.0	1/4	1/4	Chord	12/8	4	1	1/4	1/4	1	447										
23	23	134	134	0.0	1/2	1/2	FiguredBass	12/8	4	1	0										1/2	b		
23	23	134	134	2.0	1/2	1/2	Chord	12/8	4	1	1/2	1/2	1	448										
24	24	138	138	3.0	0	0	Chord	12/8	1	1	3/4	1/2	3/2	449										
24	24	141	141	0.5	3/4	3/4	Chord	12/8	1	1	1/8	1/8	1	450										51
24	24	283/2	283/2	0.5	7/8	7/8	Chord	12/8	1	1	1/8	1/8	1	451										
24	24	142	142	0.5	1	1	Chord	12/8	1	1	1/8	1/8	1	452										
24	24	285/2	285/2	0.5	9/8	9/8	Chord	12/8	1	1	1/8	1/8	1	453										52
24	24	143	143	0.5	5/4	5/4	Chord	12/8	1	1	1/8	1/8	1	454										
24	24	287/2	287/2	0.5	11/8	11/8	Chord	12/8	1	1	1/8	1/8	1	455										
24	24	138	138	1.5	0	0	Chord	12/8	2	1	3/8	1/4	3/2	456										
24	24	279/2	279/2	1.5	3/8	3/8	Chord	12/8	2	1	3/8	1/4	3/2	457										
24	24	141	141	3.0	3/4	3/4	Chord	12/8	2	1	3/4	1/2	3/2	458										
24	24	138	138	1.0	0	0	Chord	12/8	3	1	1/4	1/4	1	459										
24	24	139	139	1.0	1/4	1/4	Chord	12/8	3	1	1/4	1/4	1	460										
24	24	140	140	2.0	1/2	1/2	Chord	12/8	3	1	1/2	1/2	1	461										
24	24	138	138	0.0	0	0	FiguredBass	12/8	4	1	0										1/4	5	h	
24	24	138	138	1.0	0	0	Chord	12/8	4	1	1/4	1/4	1	462										
24	24	139	139	0.0	1/4	1/4	FiguredBass	12/8	4	1	0										1/4	7		
24	24	139	139	1.0	1/4	1/4	Chord	12/8	4	1	1/4	1/4	1	463										
24	24	140	140	2.0	1/2	1/2	Chord	12/8	4	1	1/2	1/2	1	464										
25	25	144	144	1.5	0	0	Chord	12/8	1	1	3/8	1/4	3/2	465										
25	25	291/2	291/2	1.0	3/8	3/8	Chord	12/8	1	1	1/4	1/4	1	466										
25	25	293/2	293/2	0.5	5/8	5/8	Chord	12/8	1	1	1/8	1/8	1	467										
25	25	147	147	0.5	3/4	3/4	Chord	12/8	1	1	1/8	1/8	1	468										53
25	25	295/2	295/2	0.5	7/8	7/8	Chord	12/8	1	1	1/8	1/8	1	469										
25	25	148	148	0.5	1	1	Chord	12/8	1	1	1/8	1/8	1	470										
25	25	297/2	297/2	0.5	9/8	9/8	Chord	12/8	1	1	1/8	1/8	1	471										54
25	25	149	149	0.5	5/4	5/4	Chord	12/8	1	1	1/8	1/8	1	472										
25	25	299/2	299/2	0.5	11/8	11/8	Chord	12/8	1	1	1/8	1/8	1	473										
25	25	144	144	1.5	0	0	Chord	12/8	2	1	3/8	1/4	3/2	474										
25	25	291/2	291/2	1.5	3/8	3/8	Chord	12/8	2	1	3/8	1/4	3/2	475										
25	25	147	147	3.0	3/4	3/4	Chord	12/8	2	1	3/4	1/2	3/2	476										
25	25	144	144	1.0	0	0	Chord	12/8	3	1	1/4	1/4	1	477										
25	25	145	145	1.0	1/4	1/4	Chord	12/8	3	1	1/4	1/4	1	478										
25	25	146	146	2.0	1/2	1/2	Chord	12/8	3	1	1/2	1/2	1	479										
25	25	144	144	0.0	0	0	FiguredBass	12/8	4	1	0										1/4	6		
25	25	144	144	1.0	0	0	Chord	12/8	4	1	1/4	1/4	1	480										
25	25	145	145	0.0	1/4	1/4	FiguredBass	12/8	4	1	0										1/4	#		
25	25	145	145	1.0	1/4	1/4	Chord	12/8	4	1	1/4	1/4	1	481										
25	25	146	146	2.0	1/2	1/2	Chord	12/8	4	1	1/2	1/2	1	482										
26	26	150	150	1.5	0	0	Chord	12/8	1	1	3/8	1/4	3/2	483										
26	26	303/2	303/2	3.0	3/8	3/8	Chord	12/8	1	1	3/4	1/2	3/2	484										
26	26	309/2	309/2	1.5	9/8	9/8	Chord	12/8	1	1	3/8	1/4	3/2	485										
26	26	150	150	0.5	0	0	Chord	12/8	2	1	1/8	1/8	1	486										55
26	26	301/2	301/2	0.5	1/8	1/8	Chord	12/8	2	1	1/8	1/8	1	487										
26	26	151	151	0.5	1/4	1/4	Chord	12/8	2	1	1/8	1/8	1	488										
26	26	303/2	303/2	0.5	3/8	3/8	Chord	12/8	2	1	1/8	1/8	1	489										56
26	26	152	152	0.5	1/2	1/2	Chord	12/8	2	1	1/8	1/8	1	490										
26	26	305/2	305/2	0.5	5/8	5/8	Chord	12/8	2	1	1/8	1/8	1	491										
26	26	153	153	0.5	3/4	3/4	Chord	12/8	2	1	1/8	1/8	1	492										57
26	26	307/2	307/2	0.5	7/8	7/8	Chord	12/8	2	1	1/8	1/8	1	493										
26	26	154	154	0.5	1	1	Chord	12/8	2	1	1/8	1/8	1	494										
26	26	309/2	309/2	0.5	9/8	9/8	Chord	12/8	2	1	1/8	1/8	1	495										58
26	26	155	155	0.5	5/4	5/4	Chord	12/8	2	1	1/8	1/8	1	496										
26	26	311/2	311/2	0.5	11/8	11/8	Chord	12/8	2	1	1/8	1/8	1	497										
26	26	150	150	1.0	0	0	Chord	12/8	3	1	1/4	1/4	1	498										
26	26	151	151	1.0	1/4	1/4	Chord	12/8	3	1	1/4	1/4	1	499										
26	26	152	152	1.0	1/2	1/2	Chord	12/8	3	1	1/4	1/4	1	500										
26	26	153	153	1.0	3/4	3/4	Chord	12/8	3	1	1/4	1/4	1	501										
26	26	150	150	0.0	0	0	FiguredBass	12/8	4	1	0										1/4	6		
26	26	150	150	1.0	0	0	Chord	12/8	4	1	1/4	1/4	1	502										
26	26	151	151	0.0	1/4	1/4	FiguredBass	12/8	4	1	0										1/4	7		
26	26	151	151	1.0	1/4	1/4	Chord	12/8	4	1	1/4	1/4	1	503										
26	26	152	152	0.0	1/2	1/2	FiguredBass	12/8	4	1	0										1/4	7		
26	26	152	152	1.0	1/2	1/2	Chord	12/8	4	1	1/4	1/4	1	504										
26	26	153	153	0.0	3/4	3/4	FiguredBass	12/8	4	1	0										1/4	7		
26	26	153	153	1.0	3/4	3/4	Chord	12/8	4	1	1/4	1/4	1	505										
27	27	156	156	1.5	0	0	Chord	12/8	1	1	3/8	1/4	3/2	506										
27	27	315/2	315/2	1.5	3/8	3/8	Chord	12/8	1	1	3/8	1/4	3/2	507										
27	27	159	159	1.5	3/4	3/4	Chord	12/8	1	1	3/8	1/4	3/2	508										
27	27	321/2	321/2	1.0	9/8	9/8	Chord	12/8	1	1	1/4	1/4	1	509										
27	27	323/2	323/2	0.5	11/8	11/8	Chord	12/8	1	1	1/8	1/8	1	510										
27	27	156	156	1.5	0	0	Chord	12/8	2	1	3/8	1/4	3/2	511										
27	27	315/2	315/2	3.0	3/8	3/8	Chord	12/8	2	1	3/4	1/2	3/2	512										
27	27	321/2	321/2	1.5	9/8	9/8	Chord	12/8	2	1	3/8	1/4	3/2	513										
27	27	156	156	1.0	0	0	Chord	12/8	3	1	1/4	1/4	1	514										
27	27	157	157	1.0	1/4	1/4	Chord	12/8	3	1	1/4	1/4	1	515										
27	27	158	158	1.0	1/2	1/2	Chord	12/8	3	1	1/4	1/4	1	516										
27	27	159	159	1.0	3/4	3/4	Chord	12/8	3	1	1/4	1/4	1	517										
27	27	156	156	0.0	0	0	FiguredBass	12/8	4	1	0										1/4	7	#	
27	27	156	156	1.0	0	0	Chord	12/8	4	1	1/4	1/4	1	518										
27	27	157	157	1.0	1/4	1/4	Chord	12/8	4	1	1/4	1/4	1	519										
27	27	158	158	0.0	1/2	1/2	FiguredBass	12/8	4	1	0										1/4	6	5	
27	27	158	158	1.0	1/2	1/2	Chord	12/8	4	1	1/4	1/4	1	520										
27	27	159	159	0.0	3/4	3/4	FiguredBass	12/8	4	1	0										1/4	#		
27	27	159	159	1.0	3/4	3/4	Chord	12/8	4	1	1/4	1/4	1	521										
28	28	162	162	0.5	0	0	Chord	12/8	1	1	1/8	1/8	1	522										59
28	28	325/2	325/2	0.5	1/8	1/8	Chord	12/8	1	1	1/8	1/8	1	523										
28	28	163	163	0.5	1/4	1/4	Chord	12/8	1	1	1/8	1/8	1	524										
28	28	327/2	327/2	0.5	3/8	3/8	Chord	12/8	1	1	1/8	1/8	1	525										60
28	28	164	164	0.5	1/2	1/2	Chord	12/8	1	1	1/8	1/8	1	526										
28	28	329/2	329/2	0.5	5/8	5/8	Chord	12/8	1	1	1/8	1/8	1	527										
28	28	165	165	1.5	3/4	3/4	Chord	12/8	1	1	3/8	1/4	3/2	528										
28	28	333/2	333/2	1.5	9/8	9/8	Chord	12/8	1	1	3/8	1/4	3/2	529										
28	28	162	162	3.0	0	0	Chord	12/8	2	1	3/4	1/2	3/2	530										
28	28	165	165	0.5	3/4	3/4	Chord	12/8	2	1	1/8	1/8	1	531										61
28	28	331/2	331/2	0.5	7/8	7/8	Chord	12/8	2	1	1/8	1/8	1	532										
28	28	166	166	0.5	1	1	Chord	12/8	2	1	1/8	1/8	1	533										
28	28	333/2	333/2	0.5	9/8	9/8	Chord	12/8	2	1	1/8	1/8	1	534										62
28	28	167	167	0.5	5/4	5/4	Chord	12/8	2	1	1/8	1/8	1	535										
28	28	335/2	335/2	0.5	11/8	11/8	Chord	12/8	2	1	1/8	1/8	1	536										
28	28	162	162	2.0	0	0	Chord	12/8	3	1	1/2	1/2	1	537										
28	28	164	164	1.0	1/2	1/2	Chord	12/8	3	1	1/4	1/4	1	538										
28	28	165	165	1.0	3/4	3/4	Chord	12/8	3	1	1/4	1/4	1	539										
28	28	162	162	2.0	0	0	Chord	12/8	4	1	1/2	1/2	1	540										
28	28	164	164	0.0	1/2	1/2	FiguredBass	12/8	4	1	0										1/4	6		
28	28	164	164	1.0	1/2	1/2	Chord	12/8	4	1	1/4	1/4	1	541										
28	28	165	165	0.0	3/4	3/4	FiguredBass	12/8	4	1	0										1/4	7		
28	28	165	165	1.0	3/4	3/4	Chord	12/8	4	1	1/4	1/4	1	542										
29	29	168	168	1.5	0	0	Chord	12/8	1	1	3/8	1/4	3/2	543										
29	29	339/2	339/2	3.0	3/8	3/8	Chord	12/8	1	1	3/4	1/2	3/2	544										
29	29	345/2	345/2	1.5	9/8	9/8	Chord	12/8	1	1	3/8	1/4	3/2	545										
29	29	168	168	0.5	0	0	Chord	12/8	2	1	1/8	1/8	1	546										63
29	29	337/2	337/2	0.5	1/8	1/8	Chord	12/8	2	1	1/8	1/8	1	547										
29	29	169	169	0.5	1/4	1/4	Chord	12/8	2	1	1/8	1/8	1	548										
29	29	339/2	339/2	0.5	3/8	3/8	Chord	12/8	2	1	1/8	1/8	1	549										64
29	29	170	170	0.5	1/2	1/2	Chord	12/8	2	1	1/8	1/8	1	550										
29	29	341/2	341/2	0.5	5/8	5/8	Chord	12/8	2	1	1/8	1/8	1	551										
29	29	171	171	1.5	3/4	3/4	Chord	12/8	2	1	3/8	1/4	3/2	552										
29	29	345/2	345/2	1.5	9/8	9/8	Chord	12/8	2	1	3/8	1/4	3/2	553										
29	29	168	168	1.0	0	0	Chord	12/8	3	1	1/4	1/4	1	554										
29	29	169	169	1.0	1/4	1/4	Chord	12/8	3	1	1/4	1/4	1	555										
29	29	170	170	1.0	1/2	1/2	Chord	12/8	3	1	1/4	1/4	1	556										
29	29	171	171	1.0	3/4	3/4	Chord	12/8	3	1	1/4	1/4	1	557										
29	29	168	168	0.0	0	0	FiguredBass	12/8	4	1	0										1/4	7		
29	29	168	168	1.0	0	0	Chord	12/8	4	1	1/4	1/4	1	558										
29	29	169	169	0.0	1/4	1/4	FiguredBass	12/8	4	1	0										1/4	7		
29	29	169	169	1.0	1/4	1/4	Chord	12/8	4	1	1/4	1/4	1	559										
29	29	170	170	0.0	1/2	1/2	FiguredBass	12/8	4	1	0										1/4	7	#	
29	29	170	170	1.0	1/2	1/2	Chord	12/8	4	1	1/4	1/4	1	560										
29	29	171	171	1.0	3/4	3/4	Chord	12/8	4	1	1/4	1/4	1	561										
30	30	174	174	1.5	0	0	Chord	12/8	1	1	3/8	1/4	3/2	562										
30	30	351/2	351/2	1.0	3/8	3/8	Chord	12/8	1	1	1/4	1/4	1	563										
30	30	353/2	353/2	0.5	5/8	5/8	Chord	12/8	1	1	1/8	1/8	1	564										
30	30	177	177	3.0	3/4	3/4	Chord	12/8	1	1	3/4	1/2	3/2	565										
30	30	174	174	1.5	0	0	Chord	12/8	2	1	3/8	1/4	3/2	566										
30	30	351/2	351/2	1.5	3/8	3/8	Chord	12/8	2	1	3/8	1/4	3/2	567										
30	30	177	177	3.0	3/4	3/4	Chord	12/8	2	1	3/4	1/2	3/2	568										
30	30	174	174	1.0	0	0	Chord	12/8	3	1	1/4	1/4	1	569										
30	30	175	175	1.0	1/4	1/4	Chord	12/8	3	1	1/4	1/4	1	570										
30	30	176	176	2.0	1/2	1/2	Chord	12/8	3	1	1/2	1/2	1	571										
30	30	174	174	0.0	0	0	FiguredBass	12/8	4	1	0										1/4	6	5	
30	30	174	174	1.0	0	0	Chord	12/8	4	1	1/4	1/4	1	572										
30	30	175	175	0.0	1/4	1/4	FiguredBass	12/8	4	1	0										1/4	#		
30	30	175	175	1.0	1/4	1/4	Chord	12/8	4	1	1/4	1/4	1	573										
30	30	176	176	2.0	1/2	1/2	Chord	12/8	4	1	1/2	1/2	1	574										
